id,headline,country_1,country_2,source,url,published_at,text
40e36b1a5a0c247c9d9f,"India China Relations, History, Timeline, UPSC Notes - Vajiram & Ravi",CN,IN,GoogleNews RSS IN-CN,https://news.google.com/rss/articles/CBMia0FVX3lxTE5tOXhnOTNzbTJSRFZIcFJZdEF5U2dOZnVsZllPNEVMSDExcG1lYlRQZl9Nanhxb0tvQWJFTC1kRjRaTzB3MlJ5WExLc1ktZEh6MjdfSmdFb0tLQURPZjJwV3J3TmdGX29EM1Fj?oc=5,2026-04-09T11:37:16Z,"India China Relations, History, Timeline, UPSC Notes - Vajiram & Ravi. India China Relations, History, Timeline, UPSC Notes &nbsp;&nbsp; Vajiram & Ravi"
1c2de815f3865874baa6,"GT Voice: India should focus on long-term trade potential, not current deficit - Global Times",CN,IN,GoogleNews RSS IN-CN,https://news.google.com/rss/articles/CBMiYkFVX3lxTE9aV19JYjBnY3BoeHpZOEV1RmtYZWk0S256eklhNHRGQThqOG9jOEpFUjVKY29JaEVVNXNQeEdpLVFTaHZCVUpxTUdwNE5EZUQtOF92eE9xMUJVSWc0cUpPaERn?oc=5,2026-03-18T07:00:00Z,"GT Voice: India should focus on long-term trade potential, not current deficit - Global Times. GT Voice: India should focus on long-term trade potential, not current deficit &nbsp;&nbsp; Global Times"
58baf98010d2370f6952,"China’s Hainan boom could hurt Indian exports, widen trade gap. It’s a new global model - ThePrint",CN,IN,GoogleNews RSS IN-CN,https://news.google.com/rss/articles/CBMif0FVX3lxTE16d1NlQk1tTzU0Sm5XQzNNcGhmRXFFMElYUmY4YWZNUUNUdXVkc0JrMlVUbkJVS3hzd0NYWFNmVlR3UkptWko5NWl5X1dLaWFFT0ZmX1ctUk1KcnR3a3paR3BWMm9YbmRlZmF5ekNHVS1BWmVtUThRX2dGTzBhZ0XSAYQBQVVfeXFMTmRYa2czcFhwODVONGlRU1RDY0FrUVRhX1FuUjNWUlhhNmtDaWdNUks5eW5WdGh2eEgxSnh4Rm4wRDdEam41U1N5akhBald2UVl6TnY5ZlBLLXhIWGRVN29SZjIxWGtVMndDNVA4UnVwNDA5SkdYdmdJU3JkRVUwbWdQeHlp?oc=5,2026-03-26T07:00:00Z,"China’s Hainan boom could hurt Indian exports, widen trade gap. It’s a new global model - ThePrint. China’s Hainan boom could hurt Indian exports, widen trade gap. It’s a new global model &nbsp;&nbsp; ThePrint"
a515ab262b87921fdf05,India's trade deficit with China set to cross $100bn for first time - Nikkei Asia,CN,IN,GoogleNews RSS IN-CN,https://news.google.com/rss/articles/CBMipwFBVV95cUxOaUdNVXN0UmVWT242bllJb2pGVUhfeGtadHVtRmpScTVEZHN3dWZwVFpTbXlxcXBiWkVzaXVEMTVibGFJajQ2eE9ucmxaLS1aV1hrbmNuYXdZSW1JSVlyT3NzWFFmaEUwVVk5XzJlT2lYbVdBMWNPU3Z2dHo1d0VEaDlXRDF6a2VhS3FDYjhucWN2cHFieGdIZnBTX2NsSUZjTnUzZ21PQQ?oc=5,2026-03-25T07:00:00Z,India's trade deficit with China set to cross $100bn for first time - Nikkei Asia. India's trade deficit with China set to cross $100bn for first time &nbsp;&nbsp; Nikkei Asia
d7e5357576609ab79a49,"India China Trade Talks: Billion Dollar Deficit, WTO Tension Aur Bullet Train Ka Drama! - Whalesbook",CN,IN,GoogleNews RSS IN-CN,https://news.google.com/rss/articles/CBMizwFBVV95cUxOT1dUSUVVZ2Q4UkFDRHJlWFVkNk1kMXppM1dSQ21fYmNrWUZ3clViSGJnVVlKWlRoSi1fMWlnWVpkWHR3LXctYjV0SzRHclhVa1lVa3FKclp4VWwzbkVEbUthS3hOWklOend0RDVSeGhoRG4wRmFqQkxDUm5TM0NGMVBzTVVfWmp0MENkcDl5c0VuLV9FMVpONkNHdTZIcEZ6MnRXeDZmb2JLcFZUdUFsa3ZJNjBacWk4WUJaNXlkZlhpQ2RjZ29VYWxBWjNSRWM?oc=5,2026-04-02T15:10:38Z,"India China Trade Talks: Billion Dollar Deficit, WTO Tension Aur Bullet Train Ka Drama! - Whalesbook. India China Trade Talks: Billion Dollar Deficit, WTO Tension Aur Bullet Train Ka Drama! &nbsp;&nbsp; Whalesbook"
a92cb4ae0fb89ea0ed5c,India China Trade Deficit - INSIGHTS IAS,CN,IN,GoogleNews RSS IN-CN,https://news.google.com/rss/articles/CBMieEFVX3lxTE01eVZIQjZ5YkFRRjV0eVh1dW9fNEZZdHIzWkdlTlZWb3RFWURkdEhkR3ZsS3gtU3dSZFZPa2JoN0dHRkd1SHdhRmEyWjVvZlI4SjcxcE1YNktiLUhNY1NleDJ3cXh2a21qM1h3U015UDhMdmFLLW5HXw?oc=5,2026-03-17T07:00:00Z,India China Trade Deficit - INSIGHTS IAS. India China Trade Deficit &nbsp;&nbsp; INSIGHTS IAS
8b1eed1e71f1eba6379f,India-China border trade via Lipulekh Pass to resume after six years - The Economic Times,CN,IN,GoogleNews RSS IN-CN,https://news.google.com/rss/articles/CBMi4wFBVV95cUxPbnAwUUVMRXBmYzBWQVYzb3dFS0ZYQ1BtRmZneDhVR2xrSEZzY0pXcy1fZEFUQ2dyVWllaXI0dXZCSEhuSVVkZDlMdk1hRFRTbkM2MWVlakpDRktRX0czdWduNVdQMUxxS1NISjFTdmdjZUZEY1pmNFVuYWJ3OWJrQjBFUjNiUi1XcUx5YXFtN1pKVVZhc0lGRTV3bHlDSS1xMGtRYmlmdGxEVEJGMTN4WndsU2J1NkpXSndiRnBqelg4RS1kNGdtYlBIaXN1OVFWeFZvVXowSjRYMWMzVlYzQ1BfZ9IB6AFBVV95cUxPSjZMdTVKeE5Zb3JxMldTczZaVjNOT2NOQUFBd2QxWThvaTlHbVYyRl9lb1lyRFRZTF9kVlFOZ2pZWUdSM1BPcEFobXdza3I1QlNRMThSSTFIV1kwM0V4N3g0enVSV0l3TmdwQzNXSFJvZHRndVhOc281Y3Vfc2ViWU52X0VUalZEWEFrZXczUl9YMTZKUF84LW5STWZ1Mlh0MFktbXAyMlRmZHFBTk52WWJWLWVPRnpxNEJMRDhzV29obl9XYXpsTnJCNklZVGRuNDU1NU5pUjZMT0k3SU9kSURtaEVvc3pf?oc=5,2026-03-20T07:00:00Z,India-China border trade via Lipulekh Pass to resume after six years - The Economic Times. India-China border trade via Lipulekh Pass to resume after six years &nbsp;&nbsp; The Economic Times
f8fd2371e8caa21ea827,"Trade Deficit Nearly Doubles in February, Crosses $100 Billion Mark With China - TheWire.in",CN,IN,GoogleNews RSS IN-CN,https://news.google.com/rss/articles/CBMiswFBVV95cUxQWUJZQTBjdnlHTWVOUm1FLVJDUVlmcHZfcjRtZFdzMk5ZdG02TEx4enpuc1pGbzhlREotRW8wZUxFSE4tUTZKVGxpajdZa3FCWG5hRmQySFdHSGROMWFiMENaRmduNGUzQ3Bhei1KVjVWdDhtSjY3VkpfY0taQ2xiMm9HTGJuXzJocFZKYTFaT3hrN3VLclo4TTlma00ydDcwWW5YQkdRcXRnWkp4alc0bmRvRdIBuAFBVV95cUxPMDh5d09jMVVNWEJfWjQwSlBwdU03OGV0SUQzQTlueEZuSEtTM2VqbUd0b01uRk81elJNSlNUN3p1OTl0ZGdSdUlFT182RjdHSjZhc2hwSU5MVEdMZ2dsaWVfNnhiODdweGdGaEhlTWN2aldTSllZeTZHeVdQRGFVelp2MzZkQm9PWG9BdU52cHBvN3BsTGtjQVpkVnlNVTh0NFE3alByRlJxUUxPYlNUdFBRZjM4ZmVz?oc=5,2026-03-17T07:00:00Z,"Trade Deficit Nearly Doubles in February, Crosses $100 Billion Mark With China - TheWire.in. Trade Deficit Nearly Doubles in February, Crosses $100 Billion Mark With China &nbsp;&nbsp; TheWire.in"
b1862472a97f17ef659b,The door India left ajar: Economic ties with China see a calibrated reset with easing of FDI rules - exp - The Times of India,CN,IN,GoogleNews RSS IN-CN,https://news.google.com/rss/articles/CBMingJBVV95cUxNMEoyLUlkbUhCYl9EOU41eTZUc2ZvczI0dGY4cUt0RTV3SjM5NXFndmlaYlBRWkI1a1RTQnhDRVYxWnd6YTZfN3dQd0MzUVR6UTcyay1UbGd2eVdtcVdfbUxROFpvRnJhbWV1TURCdG9fZ0paVFlaSEhVTzRJcVZ6YU8xazY4QVptbEZJbDlseFJibzRQbVNfWERuQWNqWnNzdWI5eWRCTG1UT25oS3ROaXN4T2ZPYmw0NDdQdVBqMVlUaFRMME80U0FkeUJHdkRaWlpvRVo0YnZTTV83NFd0X28zdzNHV0JfbmwxbE9FNDJ5NjhCOE1KTi1nOFVQLWZKS2JLX3MycGhtUk1yeWJyWUx4b0U1M1BpZl92ZFZR0gGjAkFVX3lxTE03eEk5YjYwMGhYaWlxOW1FZ3UxcWxTQnV1SmFNSDNtcFR5WlA2bEVDbDF5c3hndTFnenB6MVdyOGhJcDE3TERmWEdyUjJfc3JtaWNnajhURVdiVGFmN0JBekRSSG5lY3hwZVpqTnRkU1h2T3ZaUS1xTUdsXzlxTzFNNHFGUm5wcVowLWJweTNRNUs3RHhXVV9qSnQ0UEJfOWtHVmtlUzg0dkQ4UVVXUDFabTRLV2pXWlRVOURpYlc1MXF2bmVJMTJZdnFwQ05Kb0ZkbERYcjFUM1A2NGpTbks1d0xUbVlWWHREdFhwNHA3ZnlHTk1PYmxJZFktQ0k2R2xtelpfdlUyemxGX0N4YmZGdnZPQkQyZ0NXRlIzcVhyQTBvcw?oc=5,2026-03-22T07:00:00Z,The door India left ajar: Economic ties with China see a calibrated reset with easing of FDI rules - exp - The Times of India. The door India left ajar: Economic ties with China see a calibrated reset with easing of FDI rules - exp &nbsp;&nbsp; The Times of India
d4acc1260a4165024099,India revives China trade route after years - MSN,CN,IN,GoogleNews RSS IN-CN,https://news.google.com/rss/articles/CBMi3gFBVV95cUxNMDdybHdZSnpOUUVqc0lHWWFZVjJvUUVqY1JUZnhNLXQtdDctcWl6ZzRDVHdlNW0zUUhoZXZXbFZIRmMwLS0xYi1ZdVB4b1R1WGhtdElRazlfcFh1QVNCWTVZVnJpcmJTQzVHSkJzSEIzY0ZzUTdKcGdUcmNfd1hOM1pEcFJYbE1fZmowM25jWW8xUFlBdDkxd0JQRXJFckdwSlMzcXF0aHJFYUlKOWpsU0dybkJpMnVtQkpVbGRVZ0RWYVBqclRrZmZjUnR5RldsVDl3N1JSejFjM0lab2c?oc=5,2026-03-20T07:00:00Z,India revives China trade route after years - MSN. India revives China trade route after years &nbsp;&nbsp; MSN
d67e8d737eec8923cd02,China may face closer scrutiny in U.S. forced-labour probe: GTRI - The Hindu,CN,IN,GoogleNews RSS IN-CN,https://news.google.com/rss/articles/CBMiwAFBVV95cUxOM1FkZ1JqX3V2TVZ1NmhFSjVISUxhaGdrc0FUWURMRUlEdWU2QTNnc3Z6eFN5QmVNUXA0WTU4MVp2dEVVUThtcmpnM0NTemp1VUhVenVIZXhTQVpjWDZZb1l5Y3BBMjU3VE55QVdlclVmUmxsZ2FHdGtrdUJ6NHg1bFhuRnJBbHdjeU5JanJ4VWVlT1BabTFCaU84ZldwQWZxV1F2S1I3cFN5Ykk0NGg5ZzVLaHBIT19iS1lsaUlwYXXSAccBQVVfeXFMTTVMcHhVZWRSSjZMeE0xWF8tZ2RHdG1JVWt1MnFfN1lOZnZLRGc1bEFTV011OXctbEpSRC1YcnFZN00wQ1c4TUVBV2hQT0N1U3BlWV9qU3g0c1NhY240SXc5TWZKMVpRalFkM0Jpcl9GSXlNNzY1QXFMXzBvaTR1aHFFNWhkSFlLSHFHUG9fc3YzMFhKdEhJQkdLQUdsWkdjd1lRdFAxWkthaFRmeXRnVXYwZGg2SUVQVUZTRFdtUk9tTUdadjMxZw?oc=5,2026-03-15T07:00:00Z,China may face closer scrutiny in U.S. forced-labour probe: GTRI - The Hindu. China may face closer scrutiny in U.S. forced-labour probe: GTRI &nbsp;&nbsp; The Hindu
12c7241e5ecd8232619a,India-China Border Trade Through Uttarakhand’s Lipulekh Pass Set To Resume In 2026 - ETV Bharat,CN,IN,GoogleNews RSS IN-CN,https://news.google.com/rss/articles/CBMizAFBVV95cUxQdDQxOFRZc0ZyZzhOQjE4cC1abmNUQ2loQ2ZuQ0dGY3BtSklOd0s1bDB6TkdXZkxjNjNFcTlkM19uSWNoMUxnSUpMWWNCcFhwUk1MZjFyaUdjaTN4UkdPTlFNUmJDSEkzR040dFpua0k0NS16VWl4Vl8xWk1vYll3VDUwYXlaRDdXWThvUGhqMUw2aHlIOThSUTBCMGhwNFpGMlZZMkNGMmswQl93bFZKNnJkLVdrSUhPQnJfZlo1UXJENU5oWXBtNGJ6RE3SAdIBQVVfeXFMT09UTmF4MF9KNHcyVDh3a1VaS3pLZXJZYWVkSm1hUDJ2Ny11WmhKa2VHV2R2NllqYXh6elpzLW9RRzVNTHU0X1c0NW9HdjBWbFJuRS1fTGwzZ09iNm9Nb1BEM2RZMmVmMWhKSXZvN2FBSTB2QXhIRG1QRWNFd1RPRl9UWHlJQ3RNZHBSOWNOWlBQZ0d5YUZPdVd4VVdFb0VMd2ZVZU1IRXFxbnFuYWZ6NXVfZndYNW1Pd0RGWHBVNlB4SGxGZENPWmlhNWZQbnJ6emx3?oc=5,2026-03-19T07:00:00Z,India-China Border Trade Through Uttarakhand’s Lipulekh Pass Set To Resume In 2026 - ETV Bharat. India-China Border Trade Through Uttarakhand’s Lipulekh Pass Set To Resume In 2026 &nbsp;&nbsp; ETV Bharat
dbc3e20e4568408d252e,India’s renewed focus on free-trade agreements - The International Institute for Strategic Studies,CN,IN,GoogleNews RSS IN-CN,https://news.google.com/rss/articles/CBMiqwFBVV95cUxOY1plUW9HbHcwRmlWaHhIU3lvLVl3MzN4VUZvOHZXblFZMWZKNHR0Tzh1ZEF4RFBybTBOQThXWXBLVlNzNmEwNHZud0xwVnM4ZVp4bTZDSVphT3dVY1J2dFRlb1BpekVsdWhFS2pFbHRIMHI4VTVUalRMcVhPaGE5elVYZUQ0eGJiQ0xTRW56MWJYR2VDZ2RGWkFIeU1UM0duWklJZi16TUNHSWc?oc=5,2026-01-26T08:00:00Z,India’s renewed focus on free-trade agreements - The International Institute for Strategic Studies. India’s renewed focus on free-trade agreements &nbsp;&nbsp; The International Institute for Strategic Studies
443c2ccf5fc9ef4c3a64,"India, 39 others raise concerns over China-led investment pact proposal - The Economic Times",CN,IN,GoogleNews RSS IN-CN,https://news.google.com/rss/articles/CBMi5gFBVV95cUxPc21ZeHVEMFlycHdza1FoY2FpaVB1TzlseVN4S0dnM1VucXhTLUJlSEFTMkk1bzNpREdkX1ZLcGpPcldNTkl4WFJvRlRYUlU3TnZrcnVhcDc3bEJHQU0yVF9Qc1ZaR1daV0NfUmpnYnlSVEhNQzg5RDZBaUJGWXl3TTcxYTFVZ21jTm5PcHVJVDVWMUI4Ulp6ZnI4TGxYLTBRY21ON3U3cEtNV1lfRy1VM2JjQ3pjUXlPSndoVGoxLVJ5MnE1eUItSm1oUldfdk9JRkhkUVFxa1g4YXVBT0ZXelVlbF83Z9IB6wFBVV95cUxNQ3BHSl9LSlNyZ3VfeV9BbkhFTFRjdjlpaGFLdmVSVVNybnBydEdYNWtkYlBHbnJxOWN2UkpqZU1pZDhPcEJqMHpDN1V4NzZzZzJpMmo0bHZraGE1Q3pVczladnZ3Qkw2bDRDUGhjZnlCeDA0YmZXQjEwT2ZISnB2aXpIMS1RLThRUWdaUGw5cm5kQ1lwOWluRkV5Ynp2Q3ZHRzQySVR4U3RtYkR2Yy15dDczbzlaeGpCYWZ1bmZXb1hTNmlRZHZRRHRRNDBVRUhiblkwRElpa1ItUkJ4VXhCaDRyVHFEdU9KQnZz?oc=5,2026-03-23T07:00:00Z,"India, 39 others raise concerns over China-led investment pact proposal - The Economic Times. India, 39 others raise concerns over China-led investment pact proposal &nbsp;&nbsp; The Economic Times"
d03804e777503ea87a7d,"External factors unlikely to disrupt India-China trade as both back multilateral trade, says Consul Gener - The Times of India",CN,IN,GoogleNews RSS IN-CN,https://news.google.com/rss/articles/CBMipwJBVV95cUxQZXE1N1A0NkQ3VFd3NVhRWjM5Z2Z3QTZGcmtPVGJ4OVdqd2NmT3QwMnVhazZGMXN3S2VDd1NSMUZSc2REZVotUVRScC1IeU44UHo4WnhnYnZhTnNSd2x2STk2QWpWVnp4N1cyQWZSTERiY3prczN0VmpTSlFLZzFWRUw4U2psWHU1dEEtUmlGR2duT0tMM3NFR3ROMGhDS2ZaT296NXp3OTBnYmtWU0xxQ2tCQ1M0MVNySjZwRmM2eVhQb01PUDFGak1WVE1jV01nMDdYTE9iQ3c1UmttVXZaN1NaNVpOaXRjWWVvM1VIQ2xNV21Fdk1rTXJuYXRXVjB2NXYzWHRUNWVRM3BnUEZTSERFbjBQcGRpcE92MUs2VS03bi1NWFlF0gGsAkFVX3lxTE9iaFZBcWhWYS1RNThiVWxCSDRVSmRrUW16N2pwemtpRHB1V2ZSal9xWmt1RUppMTJUNFE1WmJ5ZG1zbHFPOVBuMlc1NmVwRlZCSDNGQWlHTzZibDl2MWJSTDdwbEg1N1c5a04xQkFkYmoxVk1abDZiZlVmT3JHQU5LRC1YLXZodVNObEZlbjhMcldYNThkVnJWWXZzWWVZYkhYSElaZzI2VlFnaTR0WlAzaEFQNk01TkZYWlJhUlZVUUdudFJoMkNmX3VOamZJWEh0NTkybXpaMUFUMmQ2OVozZTlvSmxqR0s1NGk4R3JoVWRaOHpMQ1N0RG9zc0JsRlluU2JpV01vVE5zaEJDZ2dHTzBUcEpWY3pTV3dBdERjYXFWbzQwUUhPckJnUQ?oc=5,2026-02-07T08:00:00Z,"External factors unlikely to disrupt India-China trade as both back multilateral trade, says Consul Gener - The Times of India. External factors unlikely to disrupt India-China trade as both back multilateral trade, says Consul Gener &nbsp;&nbsp; The Times of India"
ae13ab60d16b1efbac37,India to revive key China trade route at Lipulekh in June after six-year break - The Economic Times,CN,IN,GoogleNews RSS IN-CN,https://news.google.com/rss/articles/CBMi8AFBVV95cUxPdk95bjljeDdfWHFCSFdDLXhpd1ExUk0xUVRETi1jUVNaaklHRDFHaGd2LUZBNktzUk8zaXJybDNlenVGS29jSDB3NEwzN0tZTWlQaE5COGEyRFh6SnNlVkxVMHpsbEhnbXltN1ZhbkNMbElkTGVxTWZmS1N5OXVfOElDV0pHdUdKaTZXeDVIV3JmRGotZE5LeWI0WE8zR0xsM2hVRUQ4YW4tdXUwajdyRHFoekc3bTVrT0ZZY3VDNHR5cFAzQk9BMXlOa3pVV09oeE5fakluZWVlTEUxZi1nbjAxLU1YcHdNZWpKVHVWWjLSAfYBQVVfeXFMTVhwWGVlT1hZTFRWYXlCbjl1bU9NS0FKTVpVbDVEVElSWlhHYzJCSndPYlVYcjFib1JvOUczN19ienVFSW5XU2NLanU1aU9XUC1DU3M2RHFkVmFrQ2c5MEFLM0pGb0lBeGg1X2M1dzkxZ3BVOVhDaUVCMUFaNGYxeXJkSko5QUpISkhfSElHNFRYa25TdEg3bVZITHVEY3FSdUl5bVNTTWhVbzFDTlExRkVsQ2xEMXJ5UURLbUc2Mjdadmt2c3hLeTZqUHRCTm9IWWZKaWZWX01MMzAzOFFVOHZjaEMzc0p6UnV4NE1yWThDTVBGcGhB?oc=5,2026-03-20T07:00:00Z,India to revive key China trade route at Lipulekh in June after six-year break - The Economic Times. India to revive key China trade route at Lipulekh in June after six-year break &nbsp;&nbsp; The Economic Times
96d18464c1a516989d68,India’s exports to US fall 13% in Feb; trade deficit with China crosses $100 billion - The Economic Times,CN,IN,GoogleNews RSS IN-CN,https://news.google.com/rss/articles/CBMi8wFBVV95cUxOS09GVlRVd0t0NHY0amJVVTZPaUlZY00zbU9xMTl1WUczdS1DaVc2SHdtMUxuX1ZGTHhvUEVDbU5GY2JNZXNFWEVzOURweGltLXl2bFA5T3lTVGUxbkw0Qk0wUEZtRXp0eEYyTkpRRlhBNTRETGxncFI1Q3RvaFk1TlQ0VFBReFNhbWFqaVRqLWtpd3MtcmtVak9SYW04ZTZJeXNoNWRjZElvZ19OMUhQd051VXkwVlg2ZjhXSlhMS3JHSFFhV1FJeW5STGF2TlVDZXlVLWhZWTlWNTNpalQycDZNNThlUFNnTW00eFNFOW9oLUnSAfgBQVVfeXFMTWVLQWprUFcwWFdnamtURDQ4TmRUcGtRMl94dGJQdTJCR3l1aEdmME90a19RYU9wTW9jdDVyNVBzWDk4SFVycTV5VmduejJ6MlJ5R0o0SzF6dXUzV0wtVlEwVkg1dFQwemF0OGRLYlJUMGhldy1yUm1sMXV3ZHhGT1FTODdXUXY4clkwTEVJVXNpYWo4am94d1Flai10UGJEY1BIZTMyaTc0bFZQN1F3NDlsMW9aYVJYbEMxaVlRYWduSGdLdlhWMEliTjh2cWdWa0w3TzI5VEhWdmRrNUVFQl9EMVJuOEc3cl8wV2NIWXhLVjJVX0ZUYXU?oc=5,2026-03-16T07:00:00Z,India’s exports to US fall 13% in Feb; trade deficit with China crosses $100 billion - The Economic Times. India’s exports to US fall 13% in Feb; trade deficit with China crosses $100 billion &nbsp;&nbsp; The Economic Times
a08a92d327cdd1519786,India's oilmeal export to China jumps 20-fold to 7.79 lakh tons in 11 months of FY26: SEA - The Economic Times,CN,IN,GoogleNews RSS IN-CN,https://news.google.com/rss/articles/CBMi_AFBVV95cUxNTnZXc2JaV0paZGRtTk9lNVZDdG1qSXpJT255NldXU3JMUmNvYTR4dVdBajN6UUJLckVQS1l0OEItZlhYbHlBRnpzdWFtOXB4ZU9iQlN6UWxhMzVfM1FRTkVncFg1YXR2cEptalozeWlVaGxrSk1FNU5LaHkzSEFMVTAzTVkzZnNoa0M5enFqUFc4YlNGWXF0dXJkUXUwaFdvdDE0TGNGRk1qckwwYmFQS2s2LXpzWUJ1OFJWUnBvMUtsM1VhN3lKY2c2TWEyWFU1TlhidElMcHl2MkppemwxQVZILVNIZW40UzlNaFg5M0N5YThHR2dSbnJRME_SAYICQVVfeXFMUG41cGZzTm5jTHp6dk52c1c1dVhiNzJfM0ctSnJMbTNKa2h5ckxsYzk2TWRFQ3dlUExoa2xTdzhxa3dHc1o5TEVvY1o1T204THVoYmJwRHdKbG81QTZOLWY5V1gzOFBjZ3ZLQUs3VjlLb2d4SE8tcTdGdENsSGcxUTJqRllyQlM3Y1Q2dVZScjl4N0g1REg5WmFkNlVfQ09ZQlVIaGhEVXU1dlpUVG4xcmpYR210LUd4QlNXYWx6SXVfVjl2dXNFX3dIY2lyaThwRVVmaWN1OWlXdWJ6aU9iME5ldFJBWFhlNkh2YkJzamMtbm5KOTgxbXdXZzY3ZXEzTktB?oc=5,2026-03-19T07:00:00Z,India's oilmeal export to China jumps 20-fold to 7.79 lakh tons in 11 months of FY26: SEA - The Economic Times. India's oilmeal export to China jumps 20-fold to 7.79 lakh tons in 11 months of FY26: SEA &nbsp;&nbsp; The Economic Times
f5b494349e3ea2d7e3f1,India-China bilateral trade reached $155 billion in 2025: Envoy - The Economic Times,CN,IN,GoogleNews RSS IN-CN,https://news.google.com/rss/articles/CBMi2gFBVV95cUxQUUlFZUdjUUlsOWtkeWtUeVJuZGQtSHJROWdSMjk2OXl0RFZab3dzM3laV2dMWWZUcHRvOXFTYk5YUm1hdlFUUFY4Zmd0YnNPWDhMNWZBUW1WcFBBRzducTRrMzgwcmpVbGxYVDFzMUxVRTZZczRpUFFGMWZOSHhvaU9WX3FJWmsxaFh3bElZM3BYQ1h6TEFfMF9vTk0tYlNGUTdhSVJQRGdkcGdPM0Zxb0pGc282Y3dLNDFXYTNweHlQY0ZpMWI3d2ZJWjh4ZFBHcUNsOFFydnc4UdIB3wFBVV95cUxPTU5JZjV2ZGZoZ0Z4LUxETHJpSEQzVW0xZnlGdkRhYXQwc2k2OUFCQXphRHhXdUVOTFFFbExKU01MaGRha3VMc0w0N20wRlgtd2swWnhnRDV3N3BleF93anhlb21zTlZVdTdGUFFuMndYZ2lGY1dZSVRQMklLY1NhSGhxWDJhc09jdnhkSkpSQy13aUVQS2ZYcVoycUxGSkFNaGt4djJiNE96eTl0US1MWWZGQjh2MkI5YUwzM0h2Y2FCWlRVNllZVmUxT1ZUaVBabkpZOW1WRFM5cTdyRVZj?oc=5,2026-02-03T08:00:00Z,India-China bilateral trade reached $155 billion in 2025: Envoy - The Economic Times. India-China bilateral trade reached $155 billion in 2025: Envoy &nbsp;&nbsp; The Economic Times
f02b2f07a74f6152c15d,India-China trade: Why a clear sectoral export strategy is imperative now - The Economic Times,CN,IN,GoogleNews RSS IN-CN,https://news.google.com/rss/articles/CBMi8AFBVV95cUxPWVlZeklBc3o0YmVzNG4xa2FZZC15NnNXRjVmQ3J0TzJ0WXJLUnBvX1FZekJyaGRRWU03MXEzT3ppT29UcXRITE9HcjF0MUpIektJNk1id3RmaHpzRDg3b3U4Y2lNRnh2SVBReXVxSWFCWG93Ym1UenRJSzJOTnh5SkxkZTJhWGlrYnVZMUM3a3A0eExjNHZGUWZTUkhsZFRpZGdOZ1Rkd2pzYVlabmFwTE9ZU3hqZ3IwZHVYLUxuMk1vamdmR0J0ZnM3dEdIcDNHQlk2S0R4cjF0MmF5alhkOEtEczA2OUt0N1NSVGMxblbSAfYBQVVfeXFMTlBVU2dSb0trSndhMzdkcTVNOXQwa2QxU1hoNk5CR3NqTHpMTEhDU0poY3R6Qnp0Ulg3Q1pPVU5wSnVxRHdWcWVPaVY4WlhiMEdCSUwzMlZTOHhCWUJ3Q1ZrbnV1N3NkcF9KMGhnNEstbnN5RHBMOGlETXkzeExiNmNFQTM1MHp6QmJBRHZ5VTRXWGhYcFd3eTVJM3hVd1ZKanh0RmZxSE5tYU5YTU5MYVU5WE1kd0dKcUtnN0k0ZWwxRDd1Z2dXY2JlMDlweDZzY3UyNG9zNFZYV1l4OS1DRGNmRk02Sk5IcFhrWkh4WG13LXdwVE93?oc=5,2026-02-25T08:00:00Z,India-China trade: Why a clear sectoral export strategy is imperative now - The Economic Times. India-China trade: Why a clear sectoral export strategy is imperative now &nbsp;&nbsp; The Economic Times
bdc80726370d37eb0ad5,‘A reset and fresh start’: India–China bilateral trade hits record $155 billion - The Times of India,CN,IN,GoogleNews RSS IN-CN,https://news.google.com/rss/articles/CBMi8gFBVV95cUxQbmRvSmg1dXdvbjd2TDFFY3ZwM1lOVjB6cDU5LVB3WExBeXRTbktKTC1HNGU1TFhkRm1odkRuMEhqUVE0RDdyUXQxajZjVDVtbXROdi1id3ExTDBNd1VtRDF5SkZ0X1p6cnRiZjJaLXp0UDBfMjhnN3czUzAzYTdWcDlTUHRQdGM4SXA1YjI2Q3Z3c3d0SzFZZXJlaVpBbmdNMXZtYXRaSVp5aWJDUkx2WG5CTGNidUVQYzVRTnFTZm9uN2JLU3kxNm5XN0tBZDVCeU9IVE1OaVdZOC15T0hqT0dLSHFTc3NUdEJ1OG5rLVNGUdIB9wFBVV95cUxQRmNYYnJOY2dwMkRBbWV3d1A1OU4ydjNlanJzbTF0VzlkU0FzbW1zYms1U2xhNERsSURSZlBFakx2N3RuODdyaWhXdWFSaHR4aWlvV2VOeGpaSnZ0bnRZWV9WcV9tU2RvM095Ri1WclJlU2tCQ202dVotZnVfUFJBc2E0aUpTejd5bU11X3M1TU91QWhJN1RJMVIwaHc2MXZuMnlVS28wZFNVR09Ic3lrdXB0cnJndm96QmcyY21fVlBrbkNCZE9Id2dMV0pENnRsc1hlcVN5cXpMdzE2OU5pOVV2czl0UFRQMWJiUTgzbGo1ZVhUM0pJ?oc=5,2026-02-04T08:00:00Z,‘A reset and fresh start’: India–China bilateral trade hits record $155 billion - The Times of India. ‘A reset and fresh start’: India–China bilateral trade hits record $155 billion &nbsp;&nbsp; The Times of India
e9dc0605ae329a7056b0,India-China Trade Hits Record $155B Amid Deficit Concerns - Whalesbook,CN,IN,GoogleNews RSS IN-CN,https://news.google.com/rss/articles/CBMi0AFBVV95cUxOSDlfWnlpdkx1ZWNQTVRHTDhNUHhrQ2lsSVE0VHFVMlR5cjl0NmNwN1I0LXRDa01sSk1XLWNIWHZtOEpTR3B3Y3Z6QThJa1htV1VzMnRxTTFROUhYd2xfZFA4ejRMcWVraGF1RnRiZnNWQ2x4MDB3bGRyQUd6bmFuZmtfdkZ5dktBeTN6WFlqWHNLTXlDWVhiYi0zMFFUUXZWLXpTSFA1Vi0tQ01tYjlHTHZJcU9zZUxEMjZleW9xb2ZzalJBY0VGdG96VkRwX3hW?oc=5,2026-02-04T08:00:00Z,India-China Trade Hits Record $155B Amid Deficit Concerns - Whalesbook. India-China Trade Hits Record $155B Amid Deficit Concerns &nbsp;&nbsp; Whalesbook
37bf9157d429cc532ec2,India exports to US fall 13% in Feb; China trade deficit crosses $100 bn - Business Standard,CN,IN,GoogleNews RSS IN-CN,https://news.google.com/rss/articles/CBMi3gFBVV95cUxQN3VEbHh6LVZBbnREcUEzLWNaTEMtbG9idGdaemo1M1ZhUWdwSmZ1S3pIc3JBYVBlX3JkVmNEV2h1UWZNWGlGZGd5Q3MyLXBCQnhRek9rVjlrd3BHWDQ2a2twSlEzTFA0d0FncGNJUGZoYWh1bGdkTWJjXzJza1NDYVZPbzc3OEdTUnBNN1E2U2pIbXpuNTAtM1ozRTdFTTZiS0pURml1T2JZR3l2MllTQWV1WjJtZXp4M2tQeDhfN1B5Ny1aWGJYV3hfOHBDa3BoWURfd2lzeWJCdUZaNlHSAeMBQVVfeXFMTmhvbmZsN0FUUGtQMXEyRDZ0M1QxUFg4WHRXNTN4TlhZZFUtdW82U2hYeGltajlybm1IcTUwMUpxT0pBRHdJcXgzT082cmEwR0FfVXdRMGZ0TUxjNGZIYWpFVjVUTVJhMkNpamNLRnpXYVdDMVJvaURZQVE4VURjLXBOaW0tdHNiYWVnYWN0ZUhSVlNqZi1pWmNyZ05EWU91Z1JydFBndG1yWHNYc1FQOWFJM3hoRklGNzFsRzM1dF9yV2ZvUTZ6NmFQM3hwNVBCeVhHUElxdGZNNDBoaHdnR2hqWUk?oc=5,2026-03-16T07:00:00Z,India exports to US fall 13% in Feb; China trade deficit crosses $100 bn - Business Standard. India exports to US fall 13% in Feb; China trade deficit crosses $100 bn &nbsp;&nbsp; Business Standard
587a0b58365c47ff6088,"India-China Trade Relations, Border Disputes, Related Concerns - StudyIQ",CN,IN,GoogleNews RSS IN-CN,https://news.google.com/rss/articles/CBMibkFVX3lxTFBPOGdmVVVxbTQzcXlnSzlmZGNiTF93LWNNVkNkRWxMcjFkZ3pjcVFpMzdnal81bjRQT0ZhM3dFa1R5Qk4tVEp3QUpqMUtzTm5IcHVkMFVZT05wQlphQmZJWmpjRTFMSmV3SldsQWVR?oc=5,2026-03-23T07:00:00Z,"India-China Trade Relations, Border Disputes, Related Concerns - StudyIQ. India-China Trade Relations, Border Disputes, Related Concerns &nbsp;&nbsp; StudyIQ"
2e580eee5ec59f17bbdf,"India-China trade: India’s exports to China rise in 2025, deficit climbs to record $116 bn - The Times of India",CN,IN,GoogleNews RSS IN-CN,https://news.google.com/rss/articles/CBMiggJBVV95cUxPVkFlc1VsYktJb2FsZmw0LXA4LTlDa3FmVWJyWUFMV1Mta3ZNNkdCLVhtVTQyQmJyR2pmWkR3NmFpMWhLZEhvTFZ6UVFtZVBxdk9HYmZEY3Z0cTgxREZMXzAxanRhaWRXX0dOc1BzVmFlYlZtUWRub3Y4LVU2a3RtczhBQkZJRVpYWmxBWVdsYVlRaS1Edk55ZmpqVHVaaVoyMkJtWXBveVZwM29rT1hyeVhvYkZZQjUzbEVvUnBpd05BVXMtZVFZZ2FlaDZ5NTJNNnVNSU5QQ1l2OE4wekoxbWJadUFBVmprUlRDMXFldWkyak5ZVnhqa2wyYU1KWlF4N0HSAYcCQVVfeXFMUGppeWE5a25zU09LeGg1MGV5Qm1BNnVJc1RaRzVJbVBLdm82WHNmWksxZGxfSUhfZWkza2tzYndaWkE3NndlMGs3NzVCWFpLSUZtSTY4MEdJMnNSTkhERWFsZUZqSGI3RGZGODQyQm1LNGdLT1lXV2ZyRUw2aWthYUlXN2NMT2NYa3ZmOU00bERIN3J5NXhZRFdkeDR0a2VyZjVQUkZJdDFkMWZ3WEZ6eHBvQkFRRGZEQVI2WUUzVXpUUXJOT1ZUYk9SY1NBMTZqSGlyQTdWVmVFZDZUeGZOUEdGWHdiWU45a28xYkpvM1JrLUNFdUNsYnR3NFY5NVp1M0NfMjg4NWM?oc=5,2026-01-14T08:00:00Z,"India-China trade: India’s exports to China rise in 2025, deficit climbs to record $116 bn - The Times of India. India-China trade: India’s exports to China rise in 2025, deficit climbs to record $116 bn &nbsp;&nbsp; The Times of India"
38c6fd8bc1e8b64ac94f,India-China Trade Reaches Record USD 155 Billion - GK Today,CN,IN,GoogleNews RSS IN-CN,https://news.google.com/rss/articles/CBMifEFVX3lxTE5sSzJULVd2TlE2eC1iNDNnZ0VXS3NhYkhNVUV1Unh2Q0ZGX29XSU16R2plTkpNVE01VzU0cHZkVHR3ZVNrbk5JcmZUQmc5R0ZpQ0RTUlh3amFBZm1COGRmeVNDLWJraVU1cVoxLUI3RlV2cDhQcmQ3YXZyTm0?oc=5,2026-02-04T08:00:00Z,India-China Trade Reaches Record USD 155 Billion - GK Today. India-China Trade Reaches Record USD 155 Billion &nbsp;&nbsp; GK Today
b4cd4f1af58526714677,The new logic of the Chinese economy - The Hindu,CN,IN,GoogleNews RSS IN-CN,https://news.google.com/rss/articles/CBMimwFBVV95cUxQdURXY3hrSDBWUUZxVDNjMkdaS19VZ2R6dm0tU3BMUmd2cGY1T0UxSmZ0eHBWUzd3Ull2V0FnSkVabHVKZm50MFFydVJNNk5jdXpRcERTaVNrR3dwTjNyQUNFSG14S2U4eUdyU3l3eERPT3BHQ1RiSVkwQ0N2ZkNqbWZHbENaLUc2TWJ6emN5aF8wOHlMbHkxX0Utb9IBogFBVV95cUxOc2tzR2ZLMmdQUmYtcWRSbGNMc0h2Umd4XzFpQ1A3dk1ucUQxV2VSNmR5Um9TWXE0SWprVnFBWFdvREFWaFUwZUhaeE5BVzg2MHZDdkxUcXN5NTFnN295bWVYNU1LSndHQjVUWEhKeXZIZ014My1oRXFfTDdjRHBnS2M4OXpGMmJDdEFPSW54Szc4UGhUZFR0ajUtQnoteVp6bnc?oc=5,2026-01-29T08:00:00Z,The new logic of the Chinese economy - The Hindu. The new logic of the Chinese economy &nbsp;&nbsp; The Hindu
6318eea49d772c068563,India's exports to China surges 67.35% in December: Commerce Ministry data - The Economic Times,CN,IN,GoogleNews RSS IN-CN,https://news.google.com/rss/articles/CBMi5wFBVV95cUxQcVNwaGY2Q09qREdFZFlvNTFHWlpTbzFBbVE2NXBKRDE3V29iaHBEX0xzY1BObDlfS083TlZrakNDeFRtcmRsS1hvckxxQmtNeVZyQlRSUnVRYWVmTENnUjZvOERncXlnZHVrcGkweUFhMkt3Q1ZOdktWQkRCSzFUNjZYOTZCX0F1TEJtSzh5c3hiZzBRVGlsUV8xcFNDVjRwVS1oOHdoUVBtYjJITTVMOExFX2w2cFpFeGpLNWNzSW9zNGNVTGs2QnpILWZ5ZG5tamtxeHIwUjBUenVtLTJsakNhaTAzYlXSAewBQVVfeXFMUFNpcnBwaXpJVjV5VjJkQ18tTjJ4bWVwZVp6V2t2UGhMZkRlZldkcDVsUkVhNzlEei05WUFRS1dSaFJPX3I3MURNd1JqNG5INXFjZlhWWlhyTWdFUWxoYUVZNlE3aHNmS2p3eXExQ3N4Y1IwQkFrYUZYQ1dVa3hPaGNEc2tJWVBQSUpRaFFHQkJKdTVQb0JtZ0xNbkViQV9EbHYyYU1hYzVDLVN3XzhWbGZ2TERiMnktbDRvcWthQWpOWUd2bGsxaEZkUjk1cXNsT3RHaktzd1NRSldCdzV4Qk9ZZk1OZUtQYkRZQ0Y?oc=5,2026-01-15T08:00:00Z,India's exports to China surges 67.35% in December: Commerce Ministry data - The Economic Times. India's exports to China surges 67.35% in December: Commerce Ministry data &nbsp;&nbsp; The Economic Times
e436d67bb76e63fde113,India deal will reverberate for years: US Trade Chief backs Delhi as China alternative - The Economic Times,CN,IN,GoogleNews RSS IN-CN,https://news.google.com/rss/articles/CBMi-gFBVV95cUxNS21nWGxZSEFOQzhBMkxMa3E5cFhyWlYxYktHQjZlaGI0TG51cm1nUC1rWnd2M2xZaHdHbHBfWXFpdlYzUjM2c21pdnk1TGFoUHVtdjlvWVVUdVNkVFNvWGtsLWo5VF93aElfNVBXMWFhbm1yX1NCUlJfTHZtTVZBUzVqd3ZpSE85S1dKNTk5U1VTR3VLWkxYRjlscVpQQS1kOW9XZnV6c04wMWtjYU54WGplc1QzRGVtb21EWC1CS1c3b1dUOHF2eVA1b0lIQUJGYmtZQlFEQzZ6UUNBMHp2YkZwbkROa3RKcm4wbktMbXJndmh5VDl0YVNR0gH_AUFVX3lxTE02Y0pDMlhjUUFUdTBRWmJpU3JnTkxfLTVXaERGbjN5cXBpTHdZaVdYakJwQ0h0WmVTcjRIZEZqY3drTUd0SnMzOUZXdkd2WFlsUXVmc0s5bG9uNmtUWVM4TGpucWhxcnphbFQ0ekdyckN6c25HdXRmZGV1WG5Wbi13T3dybDIxTVMxcjJQWjRvdzVhY0hJVFY3ZUdPVTB3YUFyYVNfZkZnUGxiMDF1YzJRYkk2MEJvT01BNF9KcE5TT1pkOXE4THVyTWNWTHJBN0p4M014S2dvTEdCNHRSaFVLQkVSNUsySjRrS2QySW56UTI0LXU4UmZ6QVN1RmxyZw?oc=5,2026-02-11T08:00:00Z,India deal will reverberate for years: US Trade Chief backs Delhi as China alternative - The Economic Times. India deal will reverberate for years: US Trade Chief backs Delhi as China alternative &nbsp;&nbsp; The Economic Times
34c8e3c734831edfbd03,GT Voice: China’s consumption vitality can help India boost trade resilience - Global Times,CN,IN,GoogleNews RSS IN-CN,https://news.google.com/rss/articles/CBMiYkFVX3lxTE4xOWlFUXpsVFNjRWlHc1NiT3Y5d3dlOUU5b2dIQ25mdzZvZVVibXM3Mkd1Z1JReEJKbjZvd0hLWlJpdHRrQktvd2tmR2hHWEtnU1dGSThiMzF6M1FfellJcEV3?oc=5,2026-02-10T08:00:00Z,GT Voice: China’s consumption vitality can help India boost trade resilience - Global Times. GT Voice: China’s consumption vitality can help India boost trade resilience &nbsp;&nbsp; Global Times
61c122a458490c88732b,India-China trade hits record $155.6 billion in 2025 as ties show signs of improvement - myind.net,CN,IN,GoogleNews RSS IN-CN,https://news.google.com/rss/articles/CBMiuwFBVV95cUxPbGNlb3ktd09pZ1BLUXBYYTNweWM1OTVPNFFmQWd6WXZOeVlzcWtqSlNWU0JCd1c5NHFrdmowT2dnSWtPamdHUlAzdlotSkg1RlBPdEtTLWpNbDN4LWFuMUZHdmRXWEZhRXhaZi1XRFo0b0syX2E3MWFVTWFmUEJKZFAxcmtHc0dzSzdvdGxvX0lXZkNaU2M0aVFzamZGdHliZmxGQmNfc3JITV9ZLTBIUU1fSmVFQy1WNU1r?oc=5,2026-02-04T08:00:00Z,India-China trade hits record $155.6 billion in 2025 as ties show signs of improvement - myind.net. India-China trade hits record $155.6 billion in 2025 as ties show signs of improvement &nbsp;&nbsp; myind.net
c63130dbeebe42ea96e6,"India, China among winners after US court blocked Trump tariffs - The Economic Times",CN,IN,GoogleNews RSS IN-CN,https://news.google.com/rss/articles/CBMi2wFBVV95cUxQcWZ1MnBNZnZVXzM3cGlTMVI3UzZLcWxjaTIwUEVjcDNiN0hlejlEdmw4TFlHTzMtdFlaWjR2N3N6ekdRNUt3dWNBS3JRMkhIQlhITkhVQmFRcTlhMW12ZDJaYjk3QjdCcFdqTnJvQkZtSlRwY3JPZVdabHpGcnYtV3E4OS1Ja19OS01iSWM4OFJhM09DdVJHVXdkSEZvVTFobjI5VWV1dldKRmpFTGpKRm80aW5iLS1mS0duVWxHZkp0a1FzUkp4b2xzZnI3cWV4YnNrN0IxVm1zVmvSAeABQVVfeXFMT2ZBcldrNlh4TzcxVVZqbi0yNUMxMmVoNndVWkgtQlMydFpkYnBVZ2VELXFqR3dyNnhMOGJiRWtrWUhuSGNadm5kOGNMNzg0YmdqV3VHcHluZERfUzM1cllVYU53ZERpSGRYQVh0ZmFia0NkOEo4SnQ4em1nenpGaEFQckk0QXRSeHY2ZHYxMVBZOVRINE41Tjhtdm1vWk9BQ0ppWGE5Zmhyb2pCbkk0RFZtSDNNeUpRT2R0bDhpYTRmYzEyYndDeDhfbVVVWWFWTzBwYXh2SVRCMFF0MFpGY2w?oc=5,2026-02-23T08:00:00Z,"India, China among winners after US court blocked Trump tariffs - The Economic Times. India, China among winners after US court blocked Trump tariffs &nbsp;&nbsp; The Economic Times"
d866d77aafe35861c094,India-China bilateral trade reached $155 billion in 2025: Envoy - BusinessLine,CN,IN,GoogleNews RSS IN-CN,https://news.google.com/rss/articles/CBMivgFBVV95cUxPSEI5ZURwNEZnWW0wX3l0ZXY5Qy0zQXhHelZhbHJVU1dqYWZDakNqRWxLZ0lReTFHVWptZTVJaDM5WmtuNTJaQnRqQW9oSi01b1RtTjJaVlY5N2RhRERweVpoTDlERGpxZWpJczdyWFVwcFQ5NkRVWVFNOGRiVndfOG1leXJXV2Z2ZDBtWU1HVzFIcmRmaWZUSzBYMGhhdTlaUkt1MjZ2Tk1PX0xSUGZqRXJLZGZKVEVJNUdoWHBB0gHEAUFVX3lxTE03YmxrUGlCeTVIMkVZekh3NTJ3dGxkQ0NqQTUwU2ZpeFlEUktPRVh6MktZc2VnS1laU21DRHZLWnFwZ2VVTGlGMnlfb1lQU2ZWQ1FqMjVwQnJvQnZ2SFFUVmF0SnY5Qmd1YkswZnRTZ3FDY0VhdXpIRGZGOEYyZUtSRlNYSEwzQk44VkhpaURxdXRqNlB1STFvRDdPQVFQbGhaNGkydGdKak8tSWdlRVBWTWY2c2FIQ1RZMnVNMFZQYmR1RXI?oc=5,2026-02-04T08:00:00Z,India-China bilateral trade reached $155 billion in 2025: Envoy - BusinessLine. India-China bilateral trade reached $155 billion in 2025: Envoy &nbsp;&nbsp; BusinessLine
fd71ece9cd7ca1e395b5,"US 'unfair trade' probe on India, China and 14 others: What Washington is looking into - The Times of India",CN,IN,GoogleNews RSS IN-CN,https://news.google.com/rss/articles/CBMi_AFBVV95cUxNTzcwdUZ0WXhDdER2NnlOcmRlQkIySENNTTFpVkRHWGw1SnI1amE0TFFyQXZfc2Uxa2tfUXpfMEF5VlJJRmZzSXZ4WVJNTHllZ3hMMC1iSUV6dmVLSjJSRFhOeDkxMGJNWDJjVHg0SEFvcnotZEg1engyQmlfeXVmVTdyTllOWWZ4SkFjTXdVTlV6OGRnNkRHM2RZQnhvZmNZbXh4Wk96UXB6dE1sQmk0Mk9lbV9RdVY5YWxsZ2g2a2duUV9zYV9qX3ZpM1VkbWwwUGV1QThFVWxNcFhwNWJXMDMzSlJJMmpURllNbjBQTVRyblBaNmNPeEJBR03SAYICQVVfeXFMUDc2WWpGc1ZSRFEwbm1VWEdsNGhOeVgzWnEzT3BiYmlyVTF1TXB5WXlYdjlWcVFkQksxTldJemdXQWlRSklmNTB6RFRFUF9lZW1Md0ZHX2pocFpwbnRTYW56YWZpNzk2WTlyX1NvRVc0eUl2YWwyZ0hVQnc3dTNXdTJPeUZsM0xGOEo3cVdQbVRQV19YVG9Xa29TS3NWSzlHMWRyTHFURjY5cC1USVpUejdMd0pYME9NYk5PTk9tMS1JckRkMjlLMjQzTVlVVUkxTkRpMUtIRVZ5ck9hVDJMYXNNVS1RTndLaHp3eGdYSzFvRzhFZHNRNWpxa2tEZ3hTczRn?oc=5,2026-03-12T07:00:00Z,"US 'unfair trade' probe on India, China and 14 others: What Washington is looking into - The Times of India. US 'unfair trade' probe on India, China and 14 others: What Washington is looking into &nbsp;&nbsp; The Times of India"
606a1855d53364960b2b,'Won’t make same mistakes with India like we did with China': US official highlights ‘America First’ appr - The Times of India,CN,IN,GoogleNews RSS IN-CN,https://news.google.com/rss/articles/CBMiqwJBVV95cUxNYXU4QmcyTkpKdEJyMDdNU1Z0aWpibFNMS2lMYk1BQk1pUmtVekloTFJNV19JaDFXTGJQYXloTXBZY1dKclEwdXZoUzdRTERkUGdjdkRrcXpQbV9oTzBpR0JvRzZCR0d4M2t2RHZHSkZmSUNUQ3pKT09lNXFETUZxSGo1Z2VyUy1fQ3hiTmx4ODlFcm8zT3NKOTRoVUU2bVdwRmtVQW5PSERra1gyVXVXNk1yeEdBcUpCUFpMSHFOMnVrLWZDdFZBM05vMXpGT0JMc21mUlE3SGZzQTNzYlV6OW5XbHdqRHZSZkJYZmtRNV91VFVsbGRGY1lqZ082SUdSeHIyM01TbTV5S0Y2anhLTnJjOTRScmE1akVrQjhkcUt1NlpTY2ZCTUhwa9IBsAJBVV95cUxPOW9USjlOenBMLXdQSVVoWlYwTWNDQlBkNVNiYjBzM014MWlzbEFuWk1yNXJoYldLc2JraE1qMF9qZl9fRFIzYkRUMnExeWF3cXJxWW0wSDU2MG8tTHRqSUtFaVY2M016enBRNGtXY2c0Ym1GN0RqSFFhZkNwSE5tQndqbTlEaTh1OWRDaDRnN016bkNlMTRzOW1lbjlTMGo0WDQxQ3R3QTJQSVZ6SWhJX0tva3F6Mkp5d05VMXNoby1STUtKTnRqVGp6MDJqbzV6bjVyZzVfaXFWWEEzRThwdzZCZDBxZ1dzenlXYzgxNzRxaVo2LWRSRC1JZU92OGV1QlIwR3JNYXFOUzZBejJnT0VpVFI1ejMyX0hqSGIzMlE1QlVoNnJFVzNBc183NHc2?oc=5,2026-03-06T08:00:00Z,'Won’t make same mistakes with India like we did with China': US official highlights ‘America First’ appr - The Times of India. 'Won’t make same mistakes with India like we did with China': US official highlights ‘America First’ appr &nbsp;&nbsp; The Times of India
f29ee8f412624c67f692,"India is Vocal for Local, Also Dependent on Global – Especially China - TheWire.in",CN,IN,GoogleNews RSS IN-CN,https://news.google.com/rss/articles/CBMipwFBVV95cUxPVHcyMUozU0FlWTk5QUJqclRFQkVoX1ZUdFNFMnFnWm9Uem96RGJ3TENxeE9XV2Z1dzI1N0E5S0lLcjVHakFjOVJDWHZONTQ0cnRTb0I4ZFR5djEtVVFNRllnYWgyb0t1RDZ3T3JmMkNfWlRxcTgzTEF3TENnTlRfejl4c0dDTU9PRTZHRk8yRk0wbVkyZFY2WFJJRTZOTTBJYTdrT2hwUdIBrAFBVV95cUxQZWd1N2g4cWhmb3E2OE9VQjI2MlpQdjlfX19DeUZla1AyYnlXNGplMW9QQzVOT2Zsdk5JR3JXV0NlTHJ2U2s4MTRjXy1UVERvNGk2UUxXeXpLV3VjX3VETmpRdXJFZ0oxQlNTcnBDQk1EdlpWMFpoUHBiYzJpTFhtTXJQZ3d3ZFdLTHM5UC00ZlRKXy1qb0ZUcVVYclhEZlcyWjhDZ0EtZzBNa0Vj?oc=5,2026-02-12T08:00:00Z,"India is Vocal for Local, Also Dependent on Global – Especially China - TheWire.in. India is Vocal for Local, Also Dependent on Global – Especially China &nbsp;&nbsp; TheWire.in"
d3c2985269a0b4a9aaf7,India’s trade deficit with China widens as Beijing hits record $1.2tn trade surplus despite Trump tariffs - ThePrint,CN,IN,GoogleNews RSS IN-CN,https://news.google.com/rss/articles/CBMiywFBVV95cUxQYVpLQ2w0UEtDRnBRYmNQMHl6VGVQbWxzbk9QTnB4UzJMZVo1RjJ6bUlOa09rc3BvZmpXNUdDa3A1dUtHdmx4V21RYnc5VGd5VWxJdFhrbTJyWkZJQnlKdTYxVGRtN0R4YnJnOTljTjdYUHRqRG11QzdzcUN3QUlYZ3NsdWtreDhTeDJlYnVtcXowbnpWQUo4UmxiZWE1V3F6MW5uUV9TZ3psR1hFejhrX2dTRW4wcFBRUTI4azJEcURQeXBGbjZJeUdtY9IB0AFBVV95cUxOQXZzWGJlLWlNWDN2ZV90MmtmTFAyTTZkQ1p6WGVQRll4d01qeUY3UlFPQ3JjbDJiV0JUM3lnSmg1MW1INWxVTTA2cDd3bHQ4aENmY2ZCR3NrOF9PVHNGbGxpTk4wRmRieVREcVVyUkVEaERUQlkxVGFGeUY3eUh6WlRGcWFJUlhWRkUyUGl6OVNObklOVGs1LTZPV0EzUUQwcUdibzlCYkVySFZ2S3ZYeFQ0U0xicWIxUXpPZlpUaDJPOWNHN2FjbVIwdG0tTzVT?oc=5,2026-01-15T08:00:00Z,India’s trade deficit with China widens as Beijing hits record $1.2tn trade surplus despite Trump tariffs - ThePrint. India’s trade deficit with China widens as Beijing hits record $1.2tn trade surplus despite Trump tariffs &nbsp;&nbsp; ThePrint
8858327e48b9589d9262,"China market access slow; Make in India, import balancing key to cutting trade deficit: Sitharaman - The Economic Times",CN,IN,GoogleNews RSS IN-CN,https://news.google.com/rss/articles/CBMihwJBVV95cUxQZkhza0NjR3lhQzlkZEtPVWR0WXVqZENvSDZ1RjE0XzE5UWxrbWVJVVJFeUJGajNhVmMtR0FjWHdRNjNJMEVNU0FWNG42aFdYZFFmOXc3NXFsSkpDOFVEa2tqSkdhQ1Z0aUVOb0ZVQzZ2NllsVEk2YlByS2lSYjZsdTE1SmFLTHIta2xSUTZCZjhsWnozMmNZcTRXLTFjRDJkMmFqLUladUtzT0pueEp5WV82ZXIxb083cGFXUlhNc01zNFExSE8xVnNPVG9lZmdLQlJTZV9hclpTN3cwajVpX0pSSkF5SE14VHI4NnJTNUozLTRSUFNPZ0dxdFc4UFNfT3kyVDJfONIBjAJBVV95cUxNY2lCOUUzQkxWNGZUN0x2d1JiWXZWWXBWQUdidGt4M3l3dVppQnhLZDNpQ1ozNkRQNTlpMzVlaEFDMmVhdXNGbXRSU0tzTXNRbzB6RXpmVW5LU0xOclBGa01TTWtCWEx0YzBQTzI4amUxUXdiQWt3M0FPSzFIY1BDTzM4dGpjS0FCMlJkcksyWGh3ZHRFdE1PMDQ5TTlhTFpGZ1dEbkRSOTUtU01XdGpsS0Q5THIyYmJnVXhwT2FIM0xhUnhseW1FVE1aS2RWWW51MnNQTy1qNTZvVWwwQlZUaHFKcTBPQy03NXRoQjJZOER5bUpta2FSZVRYVzg2Zy0ydmtsRjF2YXRBSEFV?oc=5,2026-02-03T08:00:00Z,"China market access slow; Make in India, import balancing key to cutting trade deficit: Sitharaman - The Economic Times. China market access slow; Make in India, import balancing key to cutting trade deficit: Sitharaman &nbsp;&nbsp; The Economic Times"
77b050e7104172fccb34,"China’s nudge, U.S. waiver and Iran tensions test India’s economic balancing act - CNBC",CN,IN,GoogleNews RSS IN-CN,https://news.google.com/rss/articles/CBMiiwFBVV95cUxNN0V1ZlJQQS1LV3E3Z2o0NkRvbHQ3RnhlSFUta1JyMEFsSGNXVDJNLUlsSFBlbkNRdVNxcWNCdmpOeDhpSV9OZklJaGVJZkRmN3BwY0laemZoU2hIbFBoa3c5VVEteUViSGUtSkU0aWdCNFR3LW05VnZ0Nkl0OU51Z2pESFAxaUhOT0Nn0gGQAUFVX3lxTE8yQnNnZ3VBQjRIUDhhRGJTSjB2N2xOQ0gwcEtwRzA0Mmpma0Q3Tlh0Zzhfd3BBXzlPYlMzTVhjOHpFZURIX2VwUkxoTEMxUTFjRUVDdDljV1RYaXh5MTNrcVJNcnlJNFVkTW5HUWFaaEpyZEo5TEVBMC1KNzhjRk1hSzRvYjZvcml5T3QzeFREcw?oc=5,2026-03-10T07:00:00Z,"China’s nudge, U.S. waiver and Iran tensions test India’s economic balancing act - CNBC. China’s nudge, U.S. waiver and Iran tensions test India’s economic balancing act &nbsp;&nbsp; CNBC"
c85b74389777bfd2f186,"President Xi says India, China ‘friends, partners’ in Republic Day message - Al Jazeera",CN,IN,GoogleNews RSS IN-CN,https://news.google.com/rss/articles/CBMisAFBVV95cUxNS0ZEVXlPaGRkeEFuOXVIcTdZZFV6V0JQb0hYa0VId05Bc2NWcldaVjcyRHdBUTZKcVVyOXk2aGhZeWtJWGpFXy1xTm5maFNjWmNBX2VBcy1uemszeVJfYmg2cXczMHljbVdaYjVfLXBVejhua2RsUThsNWpqb0d3dlJXMi1Edm1YN0ZRSE5pcUN5OWo3Q0ZNamxKakVQcGowMFo5UTgwMjRGODNVUWxpbtIBtgFBVV95cUxNd285Z3F3MzVWUkwtVi14eDk5eUVONW9QNTdybGJfaUdvdUZMTFVNSG50aFRRck0tNXBuRENoR0RLQ2RIandHS1R6cDRvN2I4VmFqQ05ZY3haNkZaZzdSOUdSRko3bVYxZEp4OHJiMU02RnRQTGVRSkNLTGdaMVFJUWNoN3BLQlZpNzRUOFQwRXJ4SkJhMlNnZDYtRlBjYXlscVEyd05YRWZFeElqSS1HVGIzQWhNZw?oc=5,2026-01-26T08:00:00Z,"President Xi says India, China ‘friends, partners’ in Republic Day message - Al Jazeera. President Xi says India, China ‘friends, partners’ in Republic Day message &nbsp;&nbsp; Al Jazeera"
f3b3f837e2cfd3d15428,"US Won’t Repeat China Trade ‘Mistake’ With India, Says Senior State Department Official - TheWire.in",CN,IN,GoogleNews RSS IN-CN,https://news.google.com/rss/articles/CBMirAFBVV95cUxOVEJJb1NKRW1nQW05eXNQM2tTeXV2UzhJcFhvR0c2ZHA2bk9aTm5xXzJuVk1xMXpkLWJkNTd5RnBGUGw4UmpYMTQ5Uy04UW9ZcGd6dVNfcnl5dDB1QlRhaEVLR1h3cWlBYlpLMDR1OFJmNzgxbW5TNTZDSzUwdFRjZEVwUU9WaGJjWFhzYWEycUczbVdoVmItOVVKUDdHZTRRMmNlQS1xYTdRNTF50gGyAUFVX3lxTE05OWNwTHN5TjdIT0VSc29hMjZWd2V2YUYwaE9KT0xFa2ZVejVBOTRWdkI3ZHdsVnFiMmpRY3VxQ01xMkxRRWJFWllySmZxMFVBZzVqR0c4UWkzekk4cVlkMjdndUdLTTE1UGZZRXJ4SUNFTGZweDh2YVE1bEtobVpLaEQ2N0pmWkNfcXJrV19fUXpuWWI5VUJwZ2hYQ25fZTlzeGJUcHhaeUtGOUN3YUpDYnc?oc=5,2026-03-05T08:00:00Z,"US Won’t Repeat China Trade ‘Mistake’ With India, Says Senior State Department Official - TheWire.in. US Won’t Repeat China Trade ‘Mistake’ With India, Says Senior State Department Official &nbsp;&nbsp; TheWire.in"
8e191e129cf6fd0b11c9,'Won’t repeat China mistake with India': US Deputy Secretary Landau says trade deal will keep ‘America Fir - The Economic Times,CN,IN,GoogleNews RSS IN-CN,https://news.google.com/rss/articles/CBMi9wFBVV95cUxNM1lDTTlqSFA5R29JdmZpMHZPUXJnaWNjTkdITFJ1eG9tN0JCZ0dLcUlUUlpnMEkzRmVlb2JtcWU1Ul80UmNmQ2FLa2NSSUxLMVI1b1JnNTVmRERPSXlXX2pKdmRsNGVEM3NoTDExbVVCZ1I0Q3RSY25EVEpXa0hMQlh4dkZUbElEdFNhOW44SEhHMG03SVBMMmxXNzhnbWdXanVTQUdLTHVub1NaOEk0bEsxSWlrX2trUW9JYjk5Ni1XZmZPNnpscVFiSWRkblhQVHItM1pRNlNYZmxyQWN5UlA4TmJlQzNsOS1GVjdka0gwTGlta0Jz0gH8AUFVX3lxTE1BeElvUGU0QVFUdmdZdlYzMzJMVElGeHBHQ2hmTThNZGo4RXJMYkxjeklUMlV0aDlNSXU5NGJZTkJxUExqTEtiaWxpbGZMa0syY0NFQ2VJcTZFV1V4QTZFdWgyTVMwZUdwdmlTeFZielJNUUQ0UjNfazlLZGg4OVh3aTkxdHhIbGh0QV9vdXU5WkdHY2hBUHRyOURiTGpxa2JObzFQRHo0VHpHcUxZWHlpYkJWaU9lc1Q3U0VuRU9nQlRKUE1tRnpfNFhPN0F1QTVabmhzX05zalljanh1UXhLZ2NDYV9rcVpTNkJuUzdOMDNuQ2xqbXlhSXNNUQ?oc=5,2026-03-06T08:00:00Z,'Won’t repeat China mistake with India': US Deputy Secretary Landau says trade deal will keep ‘America Fir - The Economic Times. 'Won’t repeat China mistake with India': US Deputy Secretary Landau says trade deal will keep ‘America Fir &nbsp;&nbsp; The Economic Times
c7a751daed4f0e80e480,External factors won't influence India-China trade; both big economies: Consul General Qin Jie - The Economic Times,CN,IN,GoogleNews RSS IN-CN,https://news.google.com/rss/articles/CBMi7AFBVV95cUxPcEZ4aEVpb281YldhWnNSQThzMno3QUFNa003SnBMdWU3RlRIR09HOWZzU0NVdmZhNndiSG44am15T3pPNXk1LXlVT21FN3daYmdDbm9GZVBVOEc5ZEFsbENkcXhDSDhEdWVpQWZjM1huVC1teURBcTQ0elBWaEgzQjhURXQ5ejdzNzZWZEJEZTRRNHlURVVHOGcwaFZaUnZjVHVrdEU5bHJGazgweXlGNmFRTmpMZEg2U2dDYndFZXUteDJvMEdjQlcxOTRYbkMyQ1o5ZXkzNG9sZXZoYTBJNERWcEN2Nk5EUE5qN9IB8gFBVV95cUxPaU5pRmx1am5DRzNXWE81SUdxMmZ6U0NnNVhqYm1IejU4R0w4ckt1Y0h4LXVPb1F5LWlnYkotNldRd05hdGhnTDE4SE1EZlJOY1lGR3VfVll0YzNHWFNlc0lsbkZ2cUh4Z3Z6MVZkVkRNbXpxNEllZXVGZkUzTjJOU2psS0ZiWFA1bzVISWs4LVhBLVM4YzVuZDZ3MXVLcGhsSTBkTGRfSnh4akQ1RVZnbDlyYm5TWXltWkhlSzg2ZFF5SW9IdkxFSndBWWhZSGdlN2NOczQ3eXlQMjhqZmxzMlN2cjRjM1hZWndtTGxPWFBEZw?oc=5,2026-02-07T08:00:00Z,External factors won't influence India-China trade; both big economies: Consul General Qin Jie - The Economic Times. External factors won't influence India-China trade; both big economies: Consul General Qin Jie &nbsp;&nbsp; The Economic Times
b71e56bae958ec638d81,"Exports to China rose in 2025, but trade deficit hit record high at $116 bn - Business Standard",CN,IN,GoogleNews RSS IN-CN,https://news.google.com/rss/articles/CBMi3AFBVV95cUxOSUtTSGtWa0FYSGJ4WVZwNFBpbERadzdXVDB2cGJRVFhhQzdFRTVna00wWGw4blVfa0duYVhpSmJjMV8xVjlPZjRsbkx1NklSOExoV0hfUURtcmJXdjF4bExZTnlJS1VHN0JpaTNSVlhuc0F2ZDBjd2RXd0FTS3Zmb05WbkNwdVp1bkJQLXgydllPVEwxaUFKa0JuMndKcWtyVUhPdlc4RENMTGY2ZDl3czhhU3dTTVdxeXpFSjY1Z1hDRVBlREdfZ29TcGNYRmZYTXA3SDB3YUprWGpQ0gHiAUFVX3lxTE1jUnpLUDEtTnRfb0hQUlExLS1YRTh2ZUFMRXh0QmtpMXc2M0lwaUVBSUZHV1hTV2NuTldjRm50dTNaVnd2SE45VmUzS3FpQmh4MzEyMmdUQTJlMG1ERHhRaXpfNkZlV1RqV3VNVlVUZTBtSmF6ekRnc1dRNG5uVlFQQ3JETkFBUFBrQkU0ZXZheTRyOVFPaGdOZ1BsV3hObUY0Z0oxdHhSMFp3d1I3Rk9uQjNGSmVrd0pPS1RDZ2J1NjFHZkpVN0hrTUtJczFFV2dONWsxWUNCWTE5b3poazlJZ0E?oc=5,2026-01-14T08:00:00Z,"Exports to China rose in 2025, but trade deficit hit record high at $116 bn - Business Standard. Exports to China rose in 2025, but trade deficit hit record high at $116 bn &nbsp;&nbsp; Business Standard"
993995681404f77de6c4,"India–China trade: Exports jump 67% in December on electronics, marine shipments; imports also rise - The Times of India",CN,IN,GoogleNews RSS IN-CN,https://news.google.com/rss/articles/CBMijAJBVV95cUxQWjJhdGNEbXhCSWgtZDRyWkhPNFFPellrVmREM2pkNW5zNzBhWjVrOElDRURNVTlMYjlEYzRDaW5HTE1xWVFsN0lScWVkWU0xMXMtb3BmM0Z0MndPMzRIbkp5eFIyZGI4NnVNOVhIUDJ6LVZlWm00dzJtUFg3VGl6MF9scXJLTFNTX3ROTVVMNjBEeGZqbS1lMUNWQTUzSXRvbUphRUdVTmZzcGJXMnZHVjlDeHV1dmxhMG15cF9WY0RKaTZuUC12MXQ3d3hBZG4zVmdJWUtoei1ieXlTckRXN1FDbzJCTkRCd2dJQ0NqaHJNZ05ZY1BMYmUzV1lkaTh1SUlTSFVFRmYtX3ln0gGSAkFVX3lxTE5VXzNRaXpUSlZqYVI4UmhZeW1KeWpUTk9HMlJUdDh5Qmh2YWZ6STZHeEUxcS1XUkxSa1JlQ2tsYmpoSU0yNlJNLXh3aEQ3bVhqR3VoUE9rUHo3WE1DOHFmWmtaOUNUSV9pU1RzdmpXM3Bld1BSWEFuc2FMUTdjM0lIU0pHZTJMRUo3clkyN1FobTFFYlFqenZqcjBlOFFnMzc3RGlseFJQVEhOMTNLX1NUYWh6cTdLSnpSNWw5NXFZclBQVkRPaHBrZkloZVI2RVJOazhjS3R6X2lYOWhQMXFEUGJSNVpfZTZQSUpBWU9LY3otaF9FOEZsTnQ0TlYxT09QakJCSFBlelRkVU1XZEI1bmc?oc=5,2026-01-15T08:00:00Z,"India–China trade: Exports jump 67% in December on electronics, marine shipments; imports also rise - The Times of India. India–China trade: Exports jump 67% in December on electronics, marine shipments; imports also rise &nbsp;&nbsp; The Times of India"
0cecec63ebf383ad6455,"India-China trade: Structural imbalance, not a one-year problem | Policy Circle - Policy Circle",CN,IN,GoogleNews RSS IN-CN,https://news.google.com/rss/articles/CBMic0FVX3lxTE5Hd2xYdktxQ3YwejJqdU16VzNGZ1k3VlJzT1lmZUVYNTItcW1GWXV5X014MlhJU2xYZWhpQllxdzNrR1M0RFlHQ0JaVjF0UFF2d1ZBdnNNSmdMc3BtREVia3JUTzhGc2FBdmw2OGp1Y24yVmPSAXhBVV95cUxPN0pMTU02emk0WUJXaUg3clZ4ZjQ1QloyMm04bGJKSzVJdGZCbnlfZF96allob0d0eDdTZnFMcUlIXy0zQ1pvSVNkM1RCMm5LVXBjbUp2SG43eTUzZ01WQ0VnX0NBRGpwcDl0dzgyU0NoWFRUSGVXM18?oc=5,2026-01-16T08:00:00Z,"India-China trade: Structural imbalance, not a one-year problem | Policy Circle - Policy Circle. India-China trade: Structural imbalance, not a one-year problem | Policy Circle &nbsp;&nbsp; Policy Circle"
776dac6805a365aff333,China-bound exports in double digits even as US shipments fall and trade deficit widens: RBI - The Economic Times,CN,IN,GoogleNews RSS IN-CN,https://news.google.com/rss/articles/CBMi_gFBVV95cUxPTEx4ZUZybFFWeDlKem5Zbm1pS3gzQWZMcEFBdG5aMjI3aXAwNDJmNkIzRktqSjdBVWNXOUMwZjh5Q1hFU0hzUjNwekNZd1p0cmxPVEJWUGFZb1dzVGNFcy1SWFVodlJWSlNYSDR3cDdHQTN5VzE5T2V5QXlNRnlud0RuZFZueS1JQ3M0MEZ3OWN2TGRCb1RiaVRBV3RWSzRXMmRMUHM3akhmQ2Ezd2U1RWpkZUp1bG1RZHVqWUdobVMzS2NRdVdRRlpZSFVHajZSX0czbUxHbERUU1NQdVd0UlZDMHBPcEx4SnplMXVFdlMySTM3SXFrY0x4XzExUdIBgwJBVV95cUxNMVBkYmRUNUdsV3ZSNk5wdVNURDBnR2UyWm9ZWUhxY2hjN25IWUFJWk12LWNMbnhxek9sTXVKT2JZZnFkcTdTaGtONzJFZGdVRFFESElhSlJoTnZWQTk2M2phV0JsS0Npb05iTklIODdUTkJzZ25iSFFTUmd1eW1IOU5QVlc0UFlWQV8yMDZ3ZHJVSi03TjRwekNxSERKUnprMlZIWUJuMjVSNlR5QnJmc3g5cWlFLVhVa2hUc1JmLV9rdWtEZWdLRHNGSjBDcmNZd3RkaVN1MnNSNXpObmF3b1dNNFI5YndwMTE2a29QajRTaUllWnVrb1JmcFBlQkZFcW4w?oc=5,2026-02-20T08:00:00Z,China-bound exports in double digits even as US shipments fall and trade deficit widens: RBI - The Economic Times. China-bound exports in double digits even as US shipments fall and trade deficit widens: RBI &nbsp;&nbsp; The Economic Times
7399d84d66f3f32bdd01,India relaxes rules on Chinese investment - Financial Times,CN,IN,GoogleNews RSS IN-CN,https://news.google.com/rss/articles/CBMihAFBVV95cUxQZHFIODRVdF9BTDZLV1Noa1lSTzZKZnR2U0JWY2YwYXVKMUNKYUpZZWRZLV9kUTFMSEs2SHg3TnRORTlkelgydjZRS2E2Tzg5ZVlyeXh6VW16VUhES0JobnVBb09jZ093Q3dkVUVpNnVUUE50RG5KRHhlYTJxR2NyN2x4QmE?oc=5,2026-03-11T07:00:00Z,India relaxes rules on Chinese investment - Financial Times. India relaxes rules on Chinese investment &nbsp;&nbsp; Financial Times
eccb57972b25be8e1379,"US launches Section 301 probe into India, China and 14 others over unfair trade practices - The Economic Times",CN,IN,GoogleNews RSS IN-CN,https://news.google.com/rss/articles/CBMi5gFBVV95cUxPaHNEeXg2cEZEUTN6VHExdGlPREpEMlZ0bHNGY1FqMHBSRDBVMl96eVh0S29PS2FxUllDTVZsd2VxUVhSazJoV09zckpqNGhXS1BzdVQwQ3FYbERwMW1rSk12WmtlTlNxa2lyeE91Vm5ad05nWUlPNUxXMnQ3WjFfa204ajdVTkJfbXNSMEhCbHpkSmFDLV84RGlYSklNRmVPWXRXVGRfX1lYR29iTHM0Q2lkVTQ1dXJ3YlN4YmJ6X0hBNE05RW1rM1d1cDN6bF9xUjN1Vjk3YTA5UlB0Q240QU9IbThPQdIB6wFBVV95cUxOdF9LYWJTOFg1VnBCc0h0a2hyd3pYSUhPbFhabzJndG1UMlBMZ0FZM3VYUXQ3d3owckEwQVV2a3hCWkE5dWEzMGs0TjlneEp2RDZHRVk5MjdaUTJRMjBxRkhWQVJ5ZkU1Vm02ZklJMHJ5eEdmYmE2VjlVNWVmUWdKaG91TXpiNVlKdFQ0V0RLckZzQXJDMTBwVUFmYWFySHZwd1R4MTBCZEdfMEpISko4RG9OYzBxNnpUTkthcUZlNlRtMS1nQUoycDVaV0FjVS1ReGRka25QcUdZbzFiOVdObEFxajNkbFRmLUVj?oc=5,2026-03-12T07:00:00Z,"US launches Section 301 probe into India, China and 14 others over unfair trade practices - The Economic Times. US launches Section 301 probe into India, China and 14 others over unfair trade practices &nbsp;&nbsp; The Economic Times"
a32b83c795033b36e6a3,‘Trade reached new heights’: Envoy Xu says China-India trade hit $155.6 bn in 2025 - The Economic Times,CN,IN,GoogleNews RSS IN-CN,https://news.google.com/rss/articles/CBMi2AFBVV95cUxOMEJvOHlnRXdudHVzUzdidTlXSzJweU4xdzdWQU5RRWxvTUdQVnRJRXA5T2txWEFJVm9aSWVrWHRmNVdNdDl4ekJCNlUzSEwyVy11WllVaTZTTHpKc2tZdGJ2UDVPUlIyWHpuWF9GdVpFbFRPUXZiVk94aUphSkVGYTNyeTMwOXhESmhaSzlkUjBKbE9EYXk2UlRmQVNKbE9GSzN1N3E0R21jWlFoQ29VaVJjYVhhLURNSVdaM2xveXJpbjJYY1JQN2RxU2VFRTZHTmpQZ2dkSFrSAd4BQVVfeXFMUGVVZ3lEYmZrYkhIb0x6S0J2VDZaRFlUZHBjcWdTWUUtR01QanhlSVB2d2Vhb0RCZnVwZUtGMk1lVUdNVXZHeEtEQlJ2dlg2Si1QZTh0ZXBCRk1SbXdMUTFrSFo3dldDVjFWY1BuR2RKQzZLSDFnWUF6Vy1lbE5iaUtFelNOSXoxS0ZkY2R6T1V2ZnlLR3lRdDZVRTlCc01kSjExNzA2cjlmTVFCQWtZTVhBQmI1ZnVXS3BZLVJJLUw0aE9DZ3hsUGZFbk1TbG9yVlB6OHBhcmhodDBwVnhn?oc=5,2026-02-04T08:00:00Z,‘Trade reached new heights’: Envoy Xu says China-India trade hit $155.6 bn in 2025 - The Economic Times. ‘Trade reached new heights’: Envoy Xu says China-India trade hit $155.6 bn in 2025 &nbsp;&nbsp; The Economic Times
de5d4a71918e849a1814,India-China Trade Hits Record $155B Amid Deepening Deficit - Whalesbook,CN,IN,GoogleNews RSS IN-CN,https://news.google.com/rss/articles/CBMi4AFBVV95cUxQRTRVUjdGdnVvWFdqREJZaHpsNThsV19laTVaWE4wM1JyZHBiWU4zc0VvVWU5Y3F6X3BKMjdYRHR5ZmJPQzItVDRQQjk3Nl9fT2dFVDU4OWJaT2tFbDY4SVV5aTg2Z3BaT0FES1dMSzNZTWh2Z3B1QVBHMVpOeXRBcFJNMUhpdnBVQlBvLTZrUXRqYnVfMG1NLXBRV1BoejZLWXQ5NXkzM19UdGFrNlRjTzBrUjc1eHQ2aFVydU5aaHlHd1Y3Ml9ERzJqalZ2alFsTFo2MkRSRXUtQjA1b2tyRg?oc=5,2026-02-04T08:00:00Z,India-China Trade Hits Record $155B Amid Deepening Deficit - Whalesbook. India-China Trade Hits Record $155B Amid Deepening Deficit &nbsp;&nbsp; Whalesbook
3a8007ced74468294882,"Congress cites China’s trade surplus figures, targets Modi government - The Hindu",CN,IN,GoogleNews RSS IN-CN,https://news.google.com/rss/articles/CBMixAFBVV95cUxPMkU5NWpfQ3Qxelh0YWVEWTRWODN2RDhVQjlGR2ZoZGVvRmlYdTRxLXJWRjctbUlhRlZnRXBTZXZxck9UYkRnZ1FUSkw5QWFCZWpsVmJ5RGdQMVRzQm1HRk5xY09NUEdsdHFQdzdlWW9zbmlPcjZzZ2g2WVFkeTZNSGoyNFlFS0RBalNLVlZwcWVEWjU4UU9WRUVQM1M3ZU1faGlwYTVGSWJTa3lYNXAxbzNEckhGcmwzQjBQRElHS1Vwcklo0gHLAUFVX3lxTE1xQnFzOVNUamgzZXB1X1FubC0yeGh4bnVaZXZRWnZtejJqS2xaWnlqelF1Zy1zX2diOWhjMDhjQUdXa0tXV28zajdndGtWZ0hBQklwS3EzNVdwSXVjTlQ0cU1SSUU5U1J0c3I0b2U5SWowc2c5dEp4Qkl1NmJDdndhd2thUmNYSHJZaTRJTkFkSnpwM3EtV0FvSmZwb3BHaVpyUmJOS19od3ppNElEM1VaeHM1d2d4Qko4RjQyX0FCZjY1eVlVMUJkaTcw?oc=5,2026-01-14T08:00:00Z,"Congress cites China’s trade surplus figures, targets Modi government - The Hindu. Congress cites China’s trade surplus figures, targets Modi government &nbsp;&nbsp; The Hindu"
a9397b9838b88662ba1f,"After Years Of Freeze, India May Ease Curbs On Trade With China – The Real Reason Will Surprise You - Zee News",CN,IN,GoogleNews RSS IN-CN,https://news.google.com/rss/articles/CBMi2wFBVV95cUxPbXRpcTVxMFF1V3pGamZCaXdORnNSeG1STTZZcXRaU2Nib25oMi1RVVpyUkRWVjdoSk1qUG5rWGNPYnR2RTExdFZIMWxQR1g4ZTVuZ3NleEhYX3ZsbTdyMmNIcXc3OFhacFlWUm5GdkFEZ1B2ZGxocHlLN2NVZ2R6cFM4SnMtc05HMzlVR0pLMWdPUmRoVnlDeEhhb2ZWcGdOQWd4V29oaG54QUR3OXFzNEVQaHExNF9lUlhNNFY4V25sTkdhUjFBWTZsc3pvTHltMGFpV0pZNGFIWXfSAeABQVVfeXFMUEtybmJZWnAzTEg0Vm95OHQ5Q29VcUx5QVF3d25nRl95YjhxcnRRaXVGSjhIVGN4ZTd0OXZrNHZIU250X19kb3NPOVBadVNlbFlkQjg0MWlsQTloVVVRdjhza2RsNGVkZlZ4bllpN2lEUmFCWGhmVWpQLTBzcUZWVGlYMU9aTWZPZERqUVg4aEFQQWFUS0NQRk50OTVOX2daOHF1eWUxMnB3LVhsMk5YYTREWFJ6TzBXeVN0TnNhN214VGlFTXJXczNXUjV0aEZNczl3WkRsNUtyVzU1S2JNRU8?oc=5,2026-01-23T08:00:00Z,"After Years Of Freeze, India May Ease Curbs On Trade With China – The Real Reason Will Surprise You - Zee News. After Years Of Freeze, India May Ease Curbs On Trade With China – The Real Reason Will Surprise You &nbsp;&nbsp; Zee News"
8607ef75cde26e186593,'India can be a manufacturing base': US trade representative on American firms moving from China - Business Today,CN,IN,GoogleNews RSS IN-CN,https://news.google.com/rss/articles/CBMi8gFBVV95cUxQSlhvZ29ZWEpqaHZDNjR1dWJHanF4SmgyOHYxd0dPSnVydVlJbklIZjl6cm0xQjdISUlkM08xcko4TXZkRjZfXzVKTWtPRFFlMy1CZzkzc0dfMHhyaEZra1RlLUZIZmRwaE9WRGE2VFJtVlhmT1F3TDhOdXhfWkloV1ZLb3kteWo0am5paGhQdEV1WFRxNzdFSmt0cGNuT2pyaHUwWi14WXB5NW1idmhTODJld2FhN01kNzR2UFZrdWM4eEdrXy10dUQxLU1uOVdrSUdrTUl6WWs3aXpEbmlfQm96aDd0MkIzQW9KaldHdnFYZ9IB9wFBVV95cUxONjFZZkZVMkFSUFlldS12Y2ZSRzRidFhSUHc4RW1ta1pBUWhBcWZEUkstWWIwQ2FoU1hYWjRZeXZDMTJlRFZUSDJsREJpbm5kbzJPNHBiTlg1WnAtS05DamFKejJBTDhNZGFRMEZPQ19XcGg1VGFOSWJhbHAyWlpoUzNJdFU2YkxfdHBITkh2RWtQQnZzT2p3Vkd3WjhfQ3hsWUhVNG0tNWFyNUZqZE40UTJYaWRZMG9Nc2NqSHU2V2t6UkNHRi1MOGJQdnd2b1RVSHRST0ZIYWpfNUtCSWZldEl2R1czXzJWRjNCS2xJendUZ29QYk1r?oc=5,2026-02-10T08:00:00Z,'India can be a manufacturing base': US trade representative on American firms moving from China - Business Today. 'India can be a manufacturing base': US trade representative on American firms moving from China &nbsp;&nbsp; Business Today
fae38fddbcd99b888ed3,"India, China hold talks to improve bilateral ties; people-centric engagement, trade in focus - Zee Business",CN,IN,GoogleNews RSS IN-CN,https://news.google.com/rss/articles/CBMiygFBVV95cUxQcm1oLUpsZmZmSHliajlYY3VOVVhlUHlrRTNNbHFiMmtUT2pEUy1Dd2FVY25CWjhCaWxwZUZhVkhtNlpGM09aTWhBNUlrZ04tZjdta01TdmhlRUZJSEZPTHV6ME9HQXNkT2pzNk40NE9GdVRINUxiUmFPc1ZKaklDZXgxQ1RrcGxRMktJaUdQY1VySVBYdXR1SnltN3NPMHhIZzZhTlJGRXZRb1pmUGpEc1EwamhUaWJzNnlVSWMxSWFKTmp3TGx2T1JB?oc=5,2026-01-14T08:00:00Z,"India, China hold talks to improve bilateral ties; people-centric engagement, trade in focus - Zee Business. India, China hold talks to improve bilateral ties; people-centric engagement, trade in focus &nbsp;&nbsp; Zee Business"
aaa4b935b626b1d4ade1,Could India’s twin trade agreements set back its improving ties with China? - South China Morning Post,CN,IN,GoogleNews RSS IN-CN,https://news.google.com/rss/articles/CBMixAFBVV95cUxPeDZERnRVWlAtODNzdnhvakFCMlV5TTE1ekVEeEo3TnlzRDgyYzY5U29hdFc3VzlpRHhZeEp1MkliWFJveWlJcmo2WnNLeTJYZVNwREd5b0hpUzVmUWlsZHJIVDJSVnAtbFJ1WWpmRXJDR0poWGkzUDd4YVc5dEh3SzgzSlU3ZTJiSFVJeWFOcUNjSVl6bFhpOHN6bmtvcmtMSnhiR2pxU2k1SzF3aEJwUF9lWndURWVDekpqS1M1TGdOdlY40gHEAUFVX3lxTE9qcVdIMm04cWktOEczZmlKTkJ3SmQzTWxYdUFIVWZyY3hvSFdVOFFONHVZek9WNG80ZE9iNnhFR0R4MkwwbkcwMWlpaDJpQjZpTG1ZQUtMd0dSOERxSE9JSjVKQ1FfeHNjYmNlTHFNak9FUWRsRU95Q1NOWjR5UVdtNmRUY2dlbmJiQzEzbVo0ekFXd1Jvc1I0andTREZpX0pBdFc4TUIyOWp1eVVyZTFIT2ZUZ3R5MUdRUzZaSkoyOGw5SkE?oc=5,2026-02-06T08:00:00Z,Could India’s twin trade agreements set back its improving ties with China? - South China Morning Post. Could India’s twin trade agreements set back its improving ties with China? &nbsp;&nbsp; South China Morning Post
72f4561bbd97697a9e2d,Tricky turf: Editorial on India's economic engagement with China - Telegraph India,CN,IN,GoogleNews RSS IN-CN,https://news.google.com/rss/articles/CBMiugFBVV95cUxPOWVaVEJkYWZXeWNNbU1BRFRQdFVQcmFwek82aUxhZVlUeGN6WnpTdnhzTFNzV0ExcXNrQ2ExOFlVUVEycXFpel91SXJFVkZWejJXWkFVMmlXeGVHMlN6MDUweWMyWnNXMGY4b3d4RG9OWnJsUEtMMzNhbHRXc3ZqanY1V0Q4VmtGUHA1bl9BeVFTd2hyS0F4dG05VzY3a2VuLUE3eEZKekQzam9fMUVwcEROQi1KNzExclHSAb8BQVVfeXFMUE9BOXIwWW5vWW1lRVdXT3NVQ2thcU5BcFVYZXZCYmVJVzBhN0RDcVRnVnVvWnZHUjZsei1KUXJPSlpIS1o3cG5vc0RTeEFkOFdwOHBQbUVZdG85QmVqb1dEXzVzcV94QmViZU5HcC1rNVgtbE5uQVA1dll4UnhkdFBLcG5UU095endGeEpxeWlDRThxaEpLNkxVTVNBdW5NM09ud3FIeG9EckJLcE04MVhtdThfVmZlVU9aQkk2LVk?oc=5,2026-01-13T08:00:00Z,Tricky turf: Editorial on India's economic engagement with China - Telegraph India. Tricky turf: Editorial on India's economic engagement with China &nbsp;&nbsp; Telegraph India
fd178d76636bd6402900,India-China trade reached 'record high' of $155.6 billion in 2025 - bilateral relations have continued to improve: Chinese envoy - Firstpost,CN,IN,GoogleNews RSS IN-CN,https://news.google.com/rss/articles/CBMi7gFBVV95cUxOOFlLRU5PT21DclhOX2VNaHhLQmhpWmhOTHFlanZGaDc3NGFUc1EyXzZOME93OE80LV91RkRuTlUxajhkSzZURTJUVVp5dDNkZWxGakVrTURJUzFHbndHeU1vUGZsREZheWgwbXAzdUN6M1JtX3NMTnh0Zkd1SnBKWXdTTnZqMEh0eTBXTDFMYm43Ty01VE1ZWVg3ZGphdEViaFRQNDZXX0w5ZHpBSmtGY1RqeUlUSTVULV8tclFody1BWXJQekJETDN5NmROVGdMcjlmZlhMSVJ4VTZYNGlIRkFoaHF4RU9ZMmdVRE9B0gHzAUFVX3lxTFBrQWV6U0FlaG9ZcWptVHdBQTRjY1Q5eFVXSkduckZTVUFUbHRIVUphQlJFLXdKWEU5WDBUUWVBMGVibXZtN005MUY1djlmQm9DdThFRUl2Q2lISVJtSEVIN2VZWE1FR2oyNnB5RVZaN0x6QjRjemt2SHdQaGtfN2t1SjZWUC1TSGdiM3c0ZjNua0NsMEVxTWNTYkJNQjRWY2tFa0lTU21GMUNUaFJPOGNqSy15T2F6bXUtZ0dwdmZBWmRPcy1hTUg2RVdPM04tQkUzc1oxUzBwb3F0YUV6ckxfWlVUdmh5bDlLUFU1VDNfSHU0NA?oc=5,2026-02-04T08:00:00Z,India-China trade reached 'record high' of $155.6 billion in 2025 - bilateral relations have continued to improve: Chinese envoy - Firstpost. India-China trade reached 'record high' of $155.6 billion in 2025 - bilateral relations have continued to improve: Chinese envoy &nbsp;&nbsp; Firstpost
0ac02f58b930cb6423fb,Record trade surplus masks weakness of China’s economy | Policy Circle - Policy Circle,CN,IN,GoogleNews RSS IN-CN,https://news.google.com/rss/articles/CBMibkFVX3lxTE4tX0ZQXzZFb0NmRzZvMjQ3aGVjenYyRUo3MnZEZFRtRnRJVXBsT3ljRzlkc0tEenFaNV93SlFHSVFoVlEtaVZ3SjR0U3ViVURncUJoN3FJVGJ1enhYbFU3OVFqM25xeHEyRG1yM3hR0gFzQVVfeXFMTmtpcW44ZFVRZ0lmWVBPX0E3N3BHdnJHTjBoMkhDVDBhaEcyQVhoLXRjaTI1dDlfQmdMUnFuN1ZYdnV6dEE4cTlpdHNZUkhyQUNYVjM3cmJFQWI1ZkU2S0dnaXFQSHV0RHByeGExMndOQ05zRQ?oc=5,2026-01-31T08:00:00Z,Record trade surplus masks weakness of China’s economy | Policy Circle - Policy Circle. Record trade surplus masks weakness of China’s economy | Policy Circle &nbsp;&nbsp; Policy Circle
6370e9b917d2ee8ae5ee,"US Won't Repeat China Mistake' In Trade Deal With India, Deputy Secretary Christopher Landau Says - NDTV Profit",CN,IN,GoogleNews RSS IN-CN,https://news.google.com/rss/articles/CBMiyAFBVV95cUxQTnMyT2tkT3M2SHJsRjV0dGhITjZSV0kzMkpmeEtsR2dSUmZQUWZLZERiZlVrMUhpVjJMeFcwX0pSQWpST1pFb3VFaThYOFlkaEN1RzBDaFJMdDlwYjNRaTBxT0xrS2NUVjlsNmxwTzExWnVoTU1YZEh2R0VpWFBRZlhKYmtZUTVSR2hpeHVDVFpFaXZ0WVhJNVB2VzJFdjJ5TWR2akxoNXYzME81b2pjS0JHLTJkNThyVWxxV3F0Zjg0ZE12MFI0N9IB0AFBVV95cUxNQWdkcWI1a3RDakJLMzlGanFDTEZhMzl0ZnhtTGthTGpCNDQ2bENsS0REVkFKYUJkcmc4bng1UVFxVUZnVkFuRW1RRmhLTFZfZ2JYaHlJelFOa1Z3dUFDdDNWRElZcnNGdUhiU3htS2lTYjJWOElRZk5HQkhLNjZabVpoT3I1dkk0SHJkaHluNnBPWHZDSm1kcldQQnFiR3FBc2VVQTJXWmZnbFJSeWk4T2c3RUpiS0ZiSEgyTTQ3SmN4QWdoSTF3cFNMRllyMXhH?oc=5,2026-03-06T08:00:00Z,"US Won't Repeat China Mistake' In Trade Deal With India, Deputy Secretary Christopher Landau Says - NDTV Profit. US Won't Repeat China Mistake' In Trade Deal With India, Deputy Secretary Christopher Landau Says &nbsp;&nbsp; NDTV Profit"
11df85f83c048952f5e7,"Squeezed Between Trump and China, India Looks for Faraway Friendships - The New York Times",CN,IN,GoogleNews RSS IN-CN,https://news.google.com/rss/articles/CBMihAFBVV95cUxOZnQwN19IakhYc3RRazc0TXhpUWtIcFhuN2V3OEkxUmpZRi12Q255U0ZiY205TnhYQ0thbmdiR3RHMXpKVFdySTRmalpNNC1hOHRjQW1NUG9nM2ktSHdEeEhsRE1zX0pGTEQzVVNKOENfRWJ3MDBrb3ZRbG5Ya3ZZNmNFUGs?oc=5,2026-02-02T08:00:00Z,"Squeezed Between Trump and China, India Looks for Faraway Friendships - The New York Times. Squeezed Between Trump and China, India Looks for Faraway Friendships &nbsp;&nbsp; The New York Times"
02adf07a58def2b105f4,"USTR begins trade probes into 16 economies including India, China, EU - Fibre2Fashion",CN,IN,GoogleNews RSS IN-CN,https://news.google.com/rss/articles/CBMi6AFBVV95cUxQX3hiMWlyQ0g4am84dmZZN0hFQlh2NDdGU0tJbzBQQjFKZVl5VWNsNUxRZmJJVEVmd0VRcU9QeW5kTnZuZDk5R1lWeW1iRV9fUzJpbkJrWTVRMDdfZ3pDc3RsOHFTMWFkZmFrQXY4UmxqU1RlMWRwM05Qa1BTSXduVGo5eEF1a0oxYzA2NjZiSjNYSDJjcHprWGsycnhmQ0tSX3hES0JyQndhM3FDRGNUNTRTSkdnMVpfSS1kWE1hZXZ0anpvem9YbjVDWkZpVmNDVHBqZ21TS0RlMEJTRlVDcUxnV2JrNWdY?oc=5,2026-03-12T07:00:00Z,"USTR begins trade probes into 16 economies including India, China, EU - Fibre2Fashion. USTR begins trade probes into 16 economies including India, China, EU &nbsp;&nbsp; Fibre2Fashion"
c52146069cca88840c5b,China’s trade surplus surges to new highs on strong end to 2025 - ING THINK economic and financial analysis | ING THINK,CN,IN,GoogleNews RSS IN-CN,https://news.google.com/rss/articles/CBMilgFBVV95cUxON0JsZ3Jrd29LOExyVWZYN202RHBXMURKTEI4VTBiZW4xVDkzbjE4YmhmNWpLbFNsQ0ltVDd6QXl5T24zNjV5Yk55d0VTMUVtaEFmSDhvbUMtajhVUmJVdVMwMGk4WXhCc3gyWDJzdEJxenVTMUVpLXhBcnVlUGRrcTkwTTRiOXpwTEVEZkpiaU1HWXRoNlE?oc=5,2026-01-14T08:00:00Z,China’s trade surplus surges to new highs on strong end to 2025 - ING THINK economic and financial analysis | ING THINK. China’s trade surplus surges to new highs on strong end to 2025 &nbsp;&nbsp; ING THINK economic and financial analysis | ING THINK
c45fb2eb5745cb8fef14,"Trade concerns, LAC stability top focus in India-China Strategic Dialogue - ThePrint",CN,IN,GoogleNews RSS IN-CN,https://news.google.com/rss/articles/CBMiqwFBVV95cUxPTkpOMlRweVo0a0MtYl9wX2RJa214M25vWjc0Z1JaR1p2dHRNNTZhclJXRGdsX0swZHR0M1ctQlV1OTF5cV90dGxZZ0IwNkNtXzlTOUc4dFYtR1NMMHU5MGtadXZSV2dFYTh5VlFsNHlqc0I5OTAwYzFBRlhDS0NUNHRTWFEzUnVSc29WUzVmbGV3b2d4QzB3NmptbktOdHk5ZU5fN3oxNmkzaVnSAbABQVVfeXFMTnJoODVXRmNQa2NsVF9jSWNBZjdyUFpQM2RlMG14cjF0SkNoNVh3UjBORU9PSWR5RGt1QmtncUxqX194bHRNMGU5VHloMW8yeUwzZkFxVV9Ud3lBMXJNYXVJYW9uM2ktYUhma1ByeFI0NkxoNDF5WlYtV2gwNFEzUG1OYmduRElaYUtSQ0lhVUl6TDRCWDAyMGR4d05Vdk83aFRfcG40T0hSN3c0LVpWblQ?oc=5,2026-02-10T08:00:00Z,"Trade concerns, LAC stability top focus in India-China Strategic Dialogue - ThePrint. Trade concerns, LAC stability top focus in India-China Strategic Dialogue &nbsp;&nbsp; ThePrint"
47fdc220a61613a4be11,India-China Trade Hits Record $155 Billion Amid Growing Deficit - Sri Lanka Guardian,CN,IN,GoogleNews RSS IN-CN,https://news.google.com/rss/articles/CBMijwFBVV95cUxOMGtYdTdQUHE3c2JQUklPbHVRUEdVU0RkclBWVjBrUk95SThVSG85UEQxeVVvNkNGN0tOb3k1RHpJMVJLRjJ6clhpa0ZibU1RVTRuOVd4MXpLeVE2OFB5Y090X1piRkhFaXpCODlUMTJyMXdfMkNMRE9SMEowRU1GbjljbnI4OThPQmVSRVdlWQ?oc=5,2026-02-05T08:00:00Z,India-China Trade Hits Record $155 Billion Amid Growing Deficit - Sri Lanka Guardian. India-China Trade Hits Record $155 Billion Amid Growing Deficit &nbsp;&nbsp; Sri Lanka Guardian
972dbc661023ba561f2c,India's trade deficit with China from 2015 to 2025 - Statista,CN,IN,GoogleNews RSS IN-CN,https://news.google.com/rss/articles/CBMigAFBVV95cUxNcUFlYmtTYVpyRGhXNEZadUpNVHFXTlF3cmpKcUZjcEtmOGQ5WmNpenNRYk5SQjY2MUlmVmFuN0xyMW5hMnRLTXhuYVpTSF9pUTVfeWFrZURMS2hVYU50TFM4ejg3YUR5bTVTMGFPUWFyRTIyU2VvaVBkVGhaNExUOQ?oc=5,2026-01-28T08:00:00Z,India's trade deficit with China from 2015 to 2025 - Statista. India's trade deficit with China from 2015 to 2025 &nbsp;&nbsp; Statista
1da79a1ddab2006cf3fd,"Trump, Tariffs, and the Rewiring of the American Empire - Time Magazine",CN,IN,GoogleNews RSS IN-CN,https://news.google.com/rss/articles/CBMieEFVX3lxTE9IQ3lPRVhWZW0wSkNfaFZmZXZYNkdNUlNraW1OcnR5MGxoUmhHYkVGbUdXYjAtMUdyWWFZb1QyRWRGanM4d3k1eVExUDNfZXNzd1kyTnZnWTdmNjVNYk14YkVJOUlwTjZlZDc3RnBmdUdMT3pHM2p1RA?oc=5,2026-01-15T08:00:00Z,"Trump, Tariffs, and the Rewiring of the American Empire - Time Magazine. Trump, Tariffs, and the Rewiring of the American Empire &nbsp;&nbsp; Time Magazine"
ff51a07c4b1b03ca4a71,"India-China Trade Update: India's Exports to China Increase in 2025, Trade Deficit Reaches Record $116 Billion - Observer Voice",CN,IN,GoogleNews RSS IN-CN,https://news.google.com/rss/articles/CBMi1wFBVV95cUxQbW9qU1ItdzlmdlMyMUFsV3NKYkhybk10RTJYeXdJR0gxWF9lVkhRWXh2MUhkekFCQ0lEMFlJNUhBZ0piN1o1bDQzQ1ZKS0ZXQ0IxM1NmZVRodlU1RWhDbWFIZWdncUI1TlR6S0I1SEJoVm9xYXVfdlU3MUNRR1dhSlF1S2FuN1MzSFJWaXVlUm50SDR1dDlUOS1URlItYncyeWE3ZnljWV94em5pWWJSXzFOVHBjY0cxWnBqel9FUEk3VFBjcURsOW8yT1JvanNXQmRpZ3dBZw?oc=5,2026-01-15T08:00:00Z,"India-China Trade Update: India's Exports to China Increase in 2025, Trade Deficit Reaches Record $116 Billion - Observer Voice. India-China Trade Update: India's Exports to China Increase in 2025, Trade Deficit Reaches Record $116 Billion &nbsp;&nbsp; Observer Voice"
6e6ef3a75482cb957b46,What’s wrong with an EU-China trade deal? - Euractiv,CN,IN,GoogleNews RSS IN-CN,https://news.google.com/rss/articles/CBMiekFVX3lxTE0xWHdHUVN1aUlKZEkyVi0ybUlOcmRfaEdpUm9ELUhlN3ZLMGhuOG1oWlJobV9GUE9ZRjV6ZU5jTmVPZDZyWG00RG5heDB2MnZyZmlJTWRKYlN4MXR0VG1YTFFLTEFvNE05cTdUbUM2aWMyMkk1UHJjbXB3?oc=5,2026-01-31T08:00:00Z,What’s wrong with an EU-China trade deal? - Euractiv. What’s wrong with an EU-China trade deal? &nbsp;&nbsp; Euractiv
2134ea26cc7b9ad89916,Are Trump's tariffs fueling a boom in trade deals for China and India? - CBS News,CN,IN,GoogleNews RSS IN-CN,https://news.google.com/rss/articles/CBMiiwFBVV95cUxOOW1qSHBwRHZBMUI2N2doalJSdTdkWFMxRHM5SEUwTjZxUGV3UzhRRzk1bG1yd1BoWUJOaWtyQUdpd0dvVVotay1qZG9mSmtvbDRNQllBZlRlVE1qMlFDSnBEdVJ0MmQ2eXFiMkdnSU1NMS1yNi1TNDdoOXJ5MzRDaVFYR3RPY2xLSW000gGQAUFVX3lxTFBuSkZ2QnVVVnRNSVZ6dmlsM1picVRVRDc3QS11VlU0b1pDY0dnY0R4X21HbXpwZkxEVElxem9kUWM5cWlFWEk3cjQ1QktmUHVHRVZIQnVkbkhHNDlCWGduUXJOWGtWVTZkMmd6MEx4bmxqb2YyMVNkVG9VRDdrakJJMjNuc1BBT2hWeXZLSGU5RA?oc=5,2026-01-28T08:00:00Z,Are Trump's tariffs fueling a boom in trade deals for China and India? - CBS News. Are Trump's tariffs fueling a boom in trade deals for China and India? &nbsp;&nbsp; CBS News
a85ecb461ae5f45d3400,Union Minister Piyush Goyal says India-US ties among most consequential economic partnerships - News On AIR,IN,US,GoogleNews RSS IN-US,https://news.google.com/rss/articles/CBMiwAFBVV95cUxNZ24xeXlXZGdvWjRaZUxENVRMMmVzNGNISUp2QXF5NFowRUxMRkZVUEpQMFM5UzNhVVlGN2w1QW9BMXdNYzB0M0lUd2locE9oZ2lQRF9OTjdqVGExaDJSa0Rhanp1NDdTOWpzNHZpRVJ0d0F0c3AxOUg4MDFCa1hlZGJkd2F3RURjdEdtYnZjTWZxaDcxczBnekM2NURBOVBUdFQ3SVNHRjE3SjAyYjN5TFZ1amN2TVlNSi05LWxaTUU?oc=5,2026-04-09T05:18:14Z,Union Minister Piyush Goyal says India-US ties among most consequential economic partnerships - News On AIR. Union Minister Piyush Goyal says India-US ties among most consequential economic partnerships &nbsp;&nbsp; News On AIR
f408a029aba5ffb46b0a,India-US trade negotiations to resume in Washington later this month - Business Standard,IN,US,GoogleNews RSS IN-US,https://news.google.com/rss/articles/CBMi0AFBVV95cUxOMW1EN2NYZ3B6NF9hVzNhMzFUTFNodlJ1SUNpM1dZSHVnQU9LblNob29RalM5Ukh1YVF3UVpBdllpQ05NTWRsVnVwMVpQampBczNndEE0RE9pNDZodVNNdDY3UlFXOGZRTlZkdkxVSDFPSzlGWGFxUUU0TVhUdkk0YnotVzVyd29FdFJsLWlWUTJ3Y3BfWnJaVExLNlRFNWFVZW5DUWNGQnZYWTdTRmNiZ0ZXZDlkLXpsR1BEeWo0TlVMa0xod3VCNFYtLTBFS0Qw0gHWAUFVX3lxTFBLLXJqRU92aWl3WVNjalpLbkc5WGpiSTFNcVNpanItci1rZHFiaFdBYjR0eVkwaUVqVzlxMTQtVGJZenhMVEQyakJHUEpjUk8tX0dmczhkdUc2QzU1UUFLNFFkVVFfTTBvM280bmNqMlhYYU1sMVhKOW43M1FOcWFDQ3JLNHZVVlU0TV90bHU2WmlpbEZPTDVqZktaeDdmdjdkeGJFX2l5UlJ3TGpMeDNiSGdjUDBrSk55Zkc5c3YzT3pOVWduSE9RSGh1ck5DTkRXR2dtVlE?oc=5,2026-04-09T13:19:00Z,India-US trade negotiations to resume in Washington later this month - Business Standard. India-US trade negotiations to resume in Washington later this month &nbsp;&nbsp; Business Standard
d0dead6c3429c43da813,"India–US reset gains momentum: Trade, tech, defence in focus after Misri–Landau talks - Fortune India",IN,US,GoogleNews RSS IN-US,https://news.google.com/rss/articles/CBMiwgFBVV95cUxNcS1QelpUWm9yZ3ozRWJKYzZONTZWc0xyR3IweTVPMko3Q0wwNUl4OFhXbVk2bWRERXdPUnpwanRveDNPb2JiVnJlWHB2OFIxa3M1VUY0dkNBRVZaNm1adF9RUlg0dXo0OUh3NmpoRkRsTEppUlE0bmduLUtRQjdBVkprSmtRdlZmZ1Fab1VuNWpna09YZ21uU2h2MWF6UFBPQmpxSERkTlVfV3lSM1VCcHVORnFuMDVCN0RYZnFyczdNd9IBzwFBVV95cUxOMHZwMTJ6STAycDJ0bGJjV24wdkVyUGxUOERTNUlRX0xLckZvZU5mWFY4ZHl1eFR4QVlFd201Z1JQS1pfc2JMbWJKblFNTHd2cEpFM2RjVzRKNEc3VWdFYzY2LUVORmZwOWVPZ0ZHaDdhbVVDTUF4eFBYdGdjQkRnUU1oWEEtQ0p4dEZPY1JyalczLVRoT09udERyTkdTckhDSG94LUt3eHN4ellOZ0xuWFl5VnlndEE0N19jQUtYdXJWYWRyeXBLMzhjV3A4cnM?oc=5,2026-04-11T08:28:47Z,"India–US reset gains momentum: Trade, tech, defence in focus after Misri–Landau talks - Fortune India. India–US reset gains momentum: Trade, tech, defence in focus after Misri–Landau talks &nbsp;&nbsp; Fortune India"
782d5f1f6191189c4950,India trade team to visit US as both sides await final tariff plan for deal - CNBC TV18,IN,US,GoogleNews RSS IN-US,https://news.google.com/rss/articles/CBMixAFBVV95cUxNSzRuV3c1UE9lSGdMZmdJeDN0Q0R4MnV6b1g2S1JPclJJNVdDZ0Z6WU9JMHhMRDU5TDR6TmljNGtQYVpFeWE2Sl9zOHpXa3owa0lNVnZiazliWkVMWE94cEVLQ3FNU2QycWhxbVNXWUJoUlgySTgtR2lNams1eHM3bGFxWnBlY2tWOUEwdHFRamhPM05VQjFWYUJiS192UE9wblh2b1cyTTF0QWFBR2xKdG1nVXpkZXFOamFkazlHOEhZWDdN0gHKAUFVX3lxTE9vYVAyRTBwZlQxMk9EV0RuM2pxTXJic1NkaUF2NjdNWGtjMTBCUndVbzhKcG5BM25EOFI5Z2dhS3JLbGhHWHJIM3BTNWRCZHNvZklhWV9jaVNOcHBUVkJHUHdpYUc3WmpfSXlJelNxb0NJM3N4WDBhQWxMSjFsc1czSEZsOXdhVE1sX21kUDFobGhwS1BwRHltdnJSN0NaMkdFci1wOHpWYUxkd1NRX0w3MFFrc29nTF9fTldoV2VRb3BKMDFnT05yWHc?oc=5,2026-04-09T14:27:19Z,India trade team to visit US as both sides await final tariff plan for deal - CNBC TV18. India trade team to visit US as both sides await final tariff plan for deal &nbsp;&nbsp; CNBC TV18
d357300d13c18cccd3f2,"Delegation to visit Washington as India, US look to revive trade deal talks - BusinessLine",IN,US,GoogleNews RSS IN-US,https://news.google.com/rss/articles/CBMi1gFBVV95cUxPSE1YZ2k1c0JBRGRLWE94bVF4cjM2THpBVkNzY0gyak5aaTVfVF9weU5hekVjOW9UdlctWVJlOHV0QjlWR0RzZFpGbzAybnh5ekhWMU1FZnFKZ1d2MlVCZkxwd0RaMXRoR1dSZkM4OXNTQ29aZUNDSGo4UTNTdFVvUVJvZkRaOVF6bFEwYVAzcXhyeEhrYjJac3BLSTRtTS1jbkRJakpLb2ctTWE2U1ZwVjdyaWFTaUY3YjIwdXlRLVcxMDFESUN0clFEWUlrSHFYR2pRd2pn0gHcAUFVX3lxTE9nSDBvcGhoY29qX1h2NTctNHoyWnMwajdUQzBBMTF0WWoxbV94X09fc05VbVVwRmFkNUd2TEZTX21XMjJPUW4xUzRJV1ktbDNTcU9LRE9wWWllTllnSzhrZHFoZVlhU0V1WmN0cEZRd3FaZEtZelpVSC1sQWotc3k5alFrMVJwRk9hOThyR283MFlMSkxBR1NkeWpqRTdIVHJWbFZzaEU0R2lRYjVEZ3pCOVRWUTRwTHVXeUR4U0N3RlAtWENCR0xSOGJjU0xUWDhJM3hSVmxqbEFaVlA?oc=5,2026-04-09T14:31:50Z,"Delegation to visit Washington as India, US look to revive trade deal talks - BusinessLine. Delegation to visit Washington as India, US look to revive trade deal talks &nbsp;&nbsp; BusinessLine"
2f4c11980feab4af6c3d,US Trade Deal: Indian Delegation To Head To Washington This Month - NDTV Profit,IN,US,GoogleNews RSS IN-US,https://news.google.com/rss/articles/CBMirAFBVV95cUxNVlEyT0ZnaUJUd284UUlCQS1tSWdUcXNGVDlNOGNhUm45c0JHek5fZ0xRTjhla3UxRVY0TWJxMnUteFZfR2lBX1YzN1JIVE5oN09NX1pDWDVQeEJVdGZNTWwxaDRwSnZNcERMaExvdTdzQkk4WkRUeVpERG1HU2Q3eXFvX2F2elRfRGlvMDI1TTFsZ1ZhQlRSN2hONU8tNXNfcE9WWjJ5LTF6Nmg30gG0AUFVX3lxTFBSQ0ZRSmJURHRVYkR1alpTY1BPX210ZWFFYTRxZVZNTGtocWVPdUtCQm9sT3ZCd0hlZU9XS190cWlFREhUMld6c1VnSHA4bzVWTnRidDY4Nm83RXQ3ajR0NTY2MHNmWi14VXZBVjR1TGE4Qk8xZDh0THhoMnVwNG9BSC0yYzhIY0JyMEtudk1JTVZQN0dDcXB0RDg2eGRPTVRxd1dSVFd5WUxmUzVVQ2lnOXJwSQ?oc=5,2026-04-09T11:55:16Z,US Trade Deal: Indian Delegation To Head To Washington This Month - NDTV Profit. US Trade Deal: Indian Delegation To Head To Washington This Month &nbsp;&nbsp; NDTV Profit
a7f86be7b696d452a567,Piyush Goyal urges exporters to tap India-US portal to boost trade - The Economic Times,IN,US,GoogleNews RSS IN-US,https://news.google.com/rss/articles/CBMi4AFBVV95cUxQUUlObHU3aERxaVp0OHN0Wk13VkNVQm9FemhGTTdLcHJzSUZTdDdhNmZLaDlMSVNIay0xMVlzeFNvRzBrTXFqeVRiaGdMLU52UFJyR1ZCWEw0eFFLRl9uZ0FJYjJIUi1vUHA4TEJadDQyNTM1NS13MmdZSS0xcVR5SmZVemtvYU82c3hCQXIyMlo0N240SGtuaW5JNGI4clJ3Tml2VUZTSU53ZjU2NmlsQV9iUDV5U3pvSG9tSVNNN3dxSHFkbjhZb3JtRkpFM0xEUTBkVXhTN3NFTjlPbkx0TdIB5gFBVV95cUxOUmduUmtJTThSTUZ1NFY5a2s3R3ByQUhURUJ6cHF4SEhJOGNvaTBkTWFmQlplckNtdUR3QUFhSVBvMDZxa3N1RWt5NGtSYUZmcFFvRUpIWk5nci1MRk5VSl91N19GZzdXZURjdXJJWHdXQVBQZkhQY0d2VUIwUGlkTWhHbnpNYTRsbnBEN0dpb0R2NWFseEhwSWFwMllHQTlObTk5WFBnTUNkNnJzUGNrOHc0cEJaNUdfMlJ1eVFNQVA4V2h0czJ0cDkwcVJLOGxTNl9KSVo5WmtUX0NMcXlPUjZYaEFMUQ?oc=5,2026-04-08T19:43:26Z,Piyush Goyal urges exporters to tap India-US portal to boost trade - The Economic Times. Piyush Goyal urges exporters to tap India-US portal to boost trade &nbsp;&nbsp; The Economic Times
fda93b57bc8478dc12df,"India-US Trade Deal Talks Advance as Delegation Set to Visit Washington, Says Sergio Gor - Pragativadi",IN,US,GoogleNews RSS IN-US,https://news.google.com/rss/articles/CBMisgFBVV95cUxNYXFNZjFsSTA4b1hRTjdhbUNJU0NkVXNucm5xQjNjY2dTOVZqMlZabXFpckpvcjNPTlB3LXRfUHZGZ0Z1TVV6LVRkN21WbHZOdTFxOUluUWNwaGJUT1kyeEs4VEZwclNmOE51aU1UYmlBV29pZ1hhM1p2OF9vVUVHR0hfRDVQNjNQbVF1Zm9zRldpYVUxUlBCWktLbnVybG1oanl2NV85N1Nxa0VabXM5SWx3?oc=5,2026-04-09T12:41:48Z,"India-US Trade Deal Talks Advance as Delegation Set to Visit Washington, Says Sergio Gor - Pragativadi. India-US Trade Deal Talks Advance as Delegation Set to Visit Washington, Says Sergio Gor &nbsp;&nbsp; Pragativadi"
67b55df23155056842e2,US-India Trade Talks Set to Strengthen Economic Ties - Devdiscourse,IN,US,GoogleNews RSS IN-US,https://news.google.com/rss/articles/CBMiqgFBVV95cUxPME1pVzNFVzVrYzlISDlaTzNOelc0SW44UTNTRlJmNFlfQjI0VVFIYWhDWkUtdkdjS1JXd0pndGJBc2FqQWFwakZpekZORnhDTVVwMWF2Sk9hYzZXYzY3MzlLSVdQMS1ZLVJQTFpGNUkxTDFfU2Mxb2ZxSk5XN2lHQjFtcDRmcWRHdVVkMjFvMUtiY0RYR0xLVDktVW96VlZGZmdmdENibGVyQdIBrwFBVV95cUxPUHBlYmQwZ3ctMWU2RFNuMEhCaU9nMFN6RlNLNDNLaHhCLVhFSlNka1VFbm0wTmwyaFVZWm1UaTZTLUY3M1BFaVhsYzVrYWpLM2wzYmVwMS1Nd0hqZWlhbkRDbTNrQU5FYnFMTU5XMktBZ2tFYU9qYjVLS2MyY3gtb0NBdG5RUHZtcXcwblFtTVI3ZUFpTGlFa2FGcTBBTm9wVnZSWTdzM2U3QnBDTVlZ?oc=5,2026-04-09T14:30:24Z,US-India Trade Talks Set to Strengthen Economic Ties - Devdiscourse. US-India Trade Talks Set to Strengthen Economic Ties &nbsp;&nbsp; Devdiscourse
2542a0b1de8fcc6b4239,"India-US trade deal back in focus, delegation from New Delhi to visit Washington this month - The Financial Express",IN,US,GoogleNews RSS IN-US,https://news.google.com/rss/articles/CBMi3wFBVV95cUxNc1N3MnIxcG5iRHlaWVJTeFZReEk1cWJFRVpPWVkyS0NkSDBrUTJHb3MxdHpUdGlEV2UyU0F4Z2hEOWlaM0xpcl9iN0lOOGttZ2Q3TDhGTVAwOURNRlBQQU1RU3hBZzRPb1V4T1Y0TW12RFhvTV8yVjBmcTNVdkNLekl1SnB3M2RWTk5fWEhjUFZkSFdNU2haNjN1UnltV1pDWTNUb2NyMk42ckR2Z00yVXo4dGVqQm9sbHZaTmlFdU9qazdra0hoUko4YnFZVFpMSjlFSGdWa3pYbTdaWU1r0gHmAUFVX3lxTFB1R1VIdmNxLU14NVMweUhfSVVwRTFEU2o2YjJiVjFxTFlncmVFdHIzV0lJZXJVWDhpckR5eE5Xa0NNMFJtLWFCZmNvYlVvZDQyc2RfbGw0OWpVMy1hSzlDVUY4c3JUc2dnb1JwYkVyTzRKMlQwUTd1dTdXSVpGYWJGTFpMVlZDR2FMT0RLVzZuUHdWVldjakNtMXlzY0NOQXk1Wm55dGdtMlZIZ2c4TEthdExVSEs1T2FsRi1QQWFJbG03b3Zya1NyTDRWc1R3cEJlMHh0UTZ6TlkzVU8xZkhocmtfSWVB?oc=5,2026-04-09T11:39:16Z,"India-US trade deal back in focus, delegation from New Delhi to visit Washington this month - The Financial Express. India-US trade deal back in focus, delegation from New Delhi to visit Washington this month &nbsp;&nbsp; The Financial Express"
5c637b2bbdcbcce40ed4,India’s stance on U.S. trade deal is that we should get preferential access as was agreed: Piyush Goyal - The Hindu,IN,US,GoogleNews RSS IN-US,https://news.google.com/rss/articles/CBMi8wFBVV95cUxNam5zSDFfOFJrQ1cxaE5IYmJNd3Y4S2xabkliNTlKc1dfWlA0VWdsRWNvVUpxQXVubFFjSGtndlRmbFotZ2VkZVJfUnZyLUo0eXhiRzR5aFcxd3NlRmtWUjRaYVJEaFoxUS1ZeDA0NWUwU2RTUHJjNk5RR2ttOTY4T0hnUmRlY3Zrbm9MWXFQa0VuM3JKVjB4SEhNUVNFcXcybnBBSkZmTjk0QkhqRVNOWTdxeTBBVkdkLUdmOWFlSmdNdXhGSUZqeVVmUUhISDE0UG5STGxJWVg2YVg0VEdjUEJyZ3ZkbDNTc1hpWkU4WUx2SmvSAfoBQVVfeXFMTTNZaGlmcldWd2NiOGk0T0hnQjJFUmgxWE43cDI0SVMtWmpiTkJ3cFFLSG9pREtVc3NmYWZVMnhTQmxJUzdzSHFtTUIwNHpNTEs3TUI3WmdkeU1lcVNxU1A0dEFGUEV4QmI1aG9UdDNwY0J3SW9WTFdqclFoSmlXc0hIQ2ZHSzF1cXZoSnBJcmo2S2p5dmpEUXpZRm5LSFlFWWQ1WVZlV0x2R2hVSXZ3MExWV0dBaFNCejRtZ2hqczlBX3pSZFFIZFY2MjhDaFA3eUlUamNlcUlHQ0w2QlRIYWtjX0p2eEt0MGRmenJ6SmUzckdfQUZ3b0Vmdw?oc=5,2026-04-02T07:00:00Z,India’s stance on U.S. trade deal is that we should get preferential access as was agreed: Piyush Goyal - The Hindu. India’s stance on U.S. trade deal is that we should get preferential access as was agreed: Piyush Goyal &nbsp;&nbsp; The Hindu
8f2ea3f983daf0bb2ddd,India and a Changing Global Order: Foreign Policy in the Trump 2.0 Era - Carnegie Endowment for International Peace,IN,US,GoogleNews RSS IN-US,https://news.google.com/rss/articles/CBMitwFBVV95cUxQTjJONzVWVFB2X252UHc4VnpvQV9GLTQtdUx6N250NHRvbC1XcXdsLVJoUVBTdmkwWWJmaEhFVXF0V0NJZHBKUUFnR2M0VzhGZEhMUnZvY01JeG5aQ25TeENjYzZ6dGI3a0dlVjZRZUc3Sl9Wa3Nvb2lyLUhjLU96WUNaN3ktTkFGQzFqVkExTkNQVWtPQzdibEFESlFJOXp2WWhZbzh2clVNa2dpUXRLTnVJOWpLRDg?oc=5,2026-03-25T07:00:00Z,India and a Changing Global Order: Foreign Policy in the Trump 2.0 Era - Carnegie Endowment for International Peace. India and a Changing Global Order: Foreign Policy in the Trump 2.0 Era &nbsp;&nbsp; Carnegie Endowment for International Peace
21a1e9b661fcb4cb02b9,The India-US Interim Trade Deal and New Tariffs - The Diplomat – Asia-Pacific Current Affairs Magazine,IN,US,GoogleNews RSS IN-US,https://news.google.com/rss/articles/CBMihwFBVV95cUxOa0V5N3Fpd2Q4SGJJVzdVcGF6a1dISjRrVTRkU0FPOFBHTWVXQ0lmYnJTZzc4RU92c1ZwZkRlUlRZQjQ5R09KWUNKMXA2cTJCcHotZEtpVjRKUHZydDV1eWM2bzlrSmxNSVRlTjBzWlJvY1dDbUtjbE9tbDd3dlhxMVdSS1dWYkU?oc=5,2026-03-18T07:00:00Z,The India-US Interim Trade Deal and New Tariffs - The Diplomat – Asia-Pacific Current Affairs Magazine. The India-US Interim Trade Deal and New Tariffs &nbsp;&nbsp; The Diplomat – Asia-Pacific Current Affairs Magazine
caed224c236bc8de1a7f,Foreign Secretary Vikram Misri launches India-US trade Facilitation Portal - The Economic Times,IN,US,GoogleNews RSS IN-US,https://news.google.com/rss/articles/CBMi6wFBVV95cUxPY3hteldmaDBTZDYwVGJMRUNGNnNQcndHLWZVekUzZjI5SV8yaFRzck1HMEpXWFhOQ2ZMMWhiMmFiNThiOVVPNTdfakhmMWlVLVpFMzUzLURpOEhwamFyYzh3aUFqWUpsMS1Ld1ZnYmhYSDM1dkNObFhiaFh6QzBRRDRsVWhZZUtmTmtKM1dEd1AxSHJ1anFRQnloR3h1LUZ5S25PYkZ2TmJnTGEzWG5wYkcxMVZVbFhRQ0pnWWpQaXc0MEdCNUNBOFl4bWpERWZvcHR1RDdDZk1GWmt5V1NCdW1mX2k4c3B0SmpV0gHwAUFVX3lxTE90OElQMm1jd0pvOEdSZnJZbHV0aUh3ejFmWFZPUGszZlJIaWMxa0t0Sy0yVHB4RnNGMjFXTWhwbVhqc01xc3ZKajJtWkFWblRlOENGUjlVZWlZbV9zNjNMMzNIQmlIWUN1OHpBU0VFR3BEa053bTR0VDFsNnZMcGsxY1NLQkJhcnBFWWJZa204MUt4dGtVZDdZUjA3NlNrM21taWw2ektPbE5LM3VSYlVMWGlXRzg0aUZCQzlPbDhTZkZvRzlRQkZ5Z3VBRHp4QzhiRVFOVHkzcVJnSFFFR1VZOXFsU1A0UllXR2N4RkJIMw?oc=5,2026-04-08T17:38:42Z,Foreign Secretary Vikram Misri launches India-US trade Facilitation Portal - The Economic Times. Foreign Secretary Vikram Misri launches India-US trade Facilitation Portal &nbsp;&nbsp; The Economic Times
6a51dbe9e1a11ea5a8d0,US to host Indian delegation in April to discuss trade deal: Sergio Gor - Business Standard,IN,US,GoogleNews RSS IN-US,https://news.google.com/rss/articles/CBMi0wFBVV95cUxNNDQ1YTNjdHlzYjRNRnB0c1ZRaWxKaExwUGo5TjQ1SHk0cDF2alB4QlQyZFVzYTYxNGZ1d2FFYU1hbTk1TU1oYmF4OWppUE5Nc0kwd0xCLU5zR3Rpci1OLVRjR1pBNXI0OGR4RkF1VUJLTE1yMWFVM0F1NUR5NGdoeGhKVFczM0RzU2VKRXVxNS1JRDA0aGh0VzZrb0FKTFlkX3lIZ3RxT0Q0QnR1LUZsVGRQd1hsR2V1ZGIwZjZPUHFCam1sYUM4SC1OUkZORFYwSjJB0gHYAUFVX3lxTFBlWC1GcnFsUTE1ZGVfM005aThIeFU2X1FjNkZxYWV4RmFiNEd2cEw3WUhpUFZTaFk5elVjSU9qYUE5N3djOEhrdFF6ZndveU1iRGxhOG8tOFN4X1UwRFdrdnUxc1JEN1RlNXpQcUt5SDNxV1ZwSnQ3anFveXp1Zm9MN2h1M3pFTkxvZUlvZGJKdThabDI5NUwyUmRiVWdTLXdablVnbTVOMmQwODY1dzFaMG4yd2c5cFRZVzlZSHpBVTU5NC1OdU1hR21MUTlySnVnOTFrYkxQQg?oc=5,2026-04-09T15:58:52Z,US to host Indian delegation in April to discuss trade deal: Sergio Gor - Business Standard. US to host Indian delegation in April to discuss trade deal: Sergio Gor &nbsp;&nbsp; Business Standard
ff84d9ca4b93cb6ecbe0,Why is the U.S. investigating India? | Explained - The Hindu,IN,US,GoogleNews RSS IN-US,https://news.google.com/rss/articles/CBMiqAFBVV95cUxPeEd0MldJU0E3T2pDaUdoMzFzcDJzbXJjNnhSYjZZMmJzS1ZJZkVPNzA5aU45aW1HemMySV9GcjVUZ2puSk45ZHMxaHRVLWhsRURwUkJCSVZJZmV5NUtZZEVWOFc4YndEOEJFMFRCc2dFbU5XdGo1YzczMTJPX0VwWHpaQWwzX1dxdGxqc2NjVklfWWZGSFN5RzJwak5nMGJqZXZXMDBCbi3SAa8BQVVfeXFMTkxycllUTmF0T1pkVmFuVXNKR0NJdVpxOGFrZlpKY0F4aDFSdHhVS0E0S0ZpSGNrM1VETXR0UkJTNzVJNVRDTmh5ZHZKWi1hNzR5NWdNS3VwNmZKbGRSbkFsLUhLMl9FLVBsNWxsMS04REdyVHJreDFjTl9UNldlQ1l4bmxlSjcwU19RVFRjZHJhTHhKbU9tZUVEWm9MWHQ5VFlUSjRHcjlqVzFPY19KZw?oc=5,2026-03-15T07:00:00Z,Why is the U.S. investigating India? | Explained - The Hindu. Why is the U.S. investigating India? | Explained &nbsp;&nbsp; The Hindu
ebd2460eeed3d4fe9370,"US, India agree to further cooperation under Pax Silica - The Economic Times",IN,US,GoogleNews RSS IN-US,https://news.google.com/rss/articles/CBMi0AFBVV95cUxNMFF3NDNFWnQ5ZW85SjhHTFVvSTU2N010WWZnSWUxZnZ4eUVqSkpEbmNTbFRMenl3dFRuMXQ1WGRacjd0b1NvUTFaOWN5dl9wQWRUaXAyLUlhRUV3YktrZlNadjhyN3hLcEkyOXdEZTJkYmJkSmZsWWVaSXFrNW5sZUxOMjZFWmgzY2VMVTFjS1ZRMng2dGRzRERLQ3p0QXhZeGtmcHd2Q0hmR2xvcHRLLVB5YkVIc1RkeHlRbGFlS3NMd0F5MkUtbXlnQS0wOHM30gHWAUFVX3lxTE9tZjZxa3hDZjJ5M1ZwTkUwYkdMaG1YTGVValpJS0hyV00zbXppTHdqTGdfWWF2eG1zd05XLXRvMktsUzV6UzQ4N3I0MlQ1OFE2a2pzTUstWGZsaXBGWHVOd19SOV9vOFY1NDRNakRTbjFPa2U0cHlKZDA5UXE1aWQyaGhrZFBodk50SFdMN09pN18yMW9SZlg1OHpnYlN4X3JBMjV2dEVFUzFHSmR6RGtlVjNLdXhjcGNrRklQTmdocTMxbHEzSHJVWlRfSmtFeU5LaW1pNGc?oc=5,2026-04-10T01:24:16Z,"US, India agree to further cooperation under Pax Silica - The Economic Times. US, India agree to further cooperation under Pax Silica &nbsp;&nbsp; The Economic Times"
2d3e0a53a43987b2ff80,"Vikram Misri, Marco Rubio discuss trade, Quad; US diplomat set to visit India in May - The Economic Times",IN,US,GoogleNews RSS IN-US,https://news.google.com/rss/articles/CBMi9AFBVV95cUxPdTFLTGZETnJ5Y2ZpS0ZlRE1JUE9jZjMta19Ial95Zll2YW5KSS1mcHV0S1ZGdG5DdTVTcVB4TVVYMUt3M25kWWJ6OGs2MGdDTGVuU1ZIOWdWUThBdkRudlVuNjhCdlRJbm5IbWlWblFZSEtVTTlSd0pyT2lpSC1nU3Bmcm9ZRkZRNkM0aVBTLUEwVFdJSU5qUmdpdDdCbXhnOUotd2otX3U4bkxqSjB2dTByTUpnZ0dEUWIzZmxvbFNTOWlkX2hlS0FaeFQ1eVUwT09TdnV6cjk5MEtLc05vZjl5TWNfYzJrRjEyQkpGTWkxQTkw0gH6AUFVX3lxTE8wWVkwMDJRSncwM3V3SmtMU0FFcDVnY05YcHFSaDJwY0FTWHRFSmprbkZqZDByZ3JoWVdqSmVvR3BwaWhIVGJvSjdpMzRfdmUxbDBkc1ZEUXlPakw0d2hUTGNoOVNZcC1yMXprWVVjVjlQbXJwaXdkSFoyazZHRHVvMWpKOWxQYzBMWkdaQTV3b0ZlbzZvd1FpWDJzckoyLXctOEpETUVGaGZhTE1FWkhfa3N6LWR4LWpnZnd4b2phT1ZKbTBqa0xpSEVOTm9SWm9EVXhuaE1XYXNRNDYtaHVJLWNkYm93T2Y1bGRqbzBCYzBicjlNNHd3bHc?oc=5,2026-04-10T02:01:43Z,"Vikram Misri, Marco Rubio discuss trade, Quad; US diplomat set to visit India in May - The Economic Times. Vikram Misri, Marco Rubio discuss trade, Quad; US diplomat set to visit India in May &nbsp;&nbsp; The Economic Times"
3672296871496deec8cf,"India, US review next steps in trade pact talks - The Economic Times",IN,US,GoogleNews RSS IN-US,https://news.google.com/rss/articles/CBMixgFBVV95cUxQdGZXamRIY2U4WWEydmp2Q014RnBPMEI5QVQxRFVYTzZ4MldwYjA3dVRaSnZSakpPRHltR3ozSTkxTFctU1A1ZEk4TWtCbUpFZHdweUptWktJaGQxc2E3UXNmZTZCRWNOb1lMU0Q4R083VkEyUE02dEFNb2YzaFdKLUt1UzZ4RkVHaUVGb0o2d3JMdkFNLTlySkNyTVIzTmV6bHpaUzdCY2V1SDctTzlSdC1nbUx0bVhCVzRuRU45eXN5N2lKLUHSAcsBQVVfeXFMUGU0ZEMxaU5fRF8wTEx4SkFKZEdYcHkzcnFQMXNsNHZpWTM2V0NsTlF3dnBSakcyTXJSWVpmc29iWDVxMXpFeFM5VFNVczJ3NW9YRldSek5QVk5KSWlhazQ2TW1JTG9tLXJ2QURORVowNTdaZ2w0MkZoRWhKSWpnZUtDVk9oRmZBcW50V3RPYmxUbVhsUkhPNndtUUtWQVNKMWJ4VWlZd0xSLTlWZUlDOFdsajNUM0hPZjk5cnBFNHZXbkowTzAwRXMteTg?oc=5,2026-03-28T07:00:00Z,"India, US review next steps in trade pact talks - The Economic Times. India, US review next steps in trade pact talks &nbsp;&nbsp; The Economic Times"
998e565ca4a10b59a95f,India-US trade agreement designed to protect domestic sensitivities: Govt tells LS - The Economic Times,IN,US,GoogleNews RSS IN-US,https://news.google.com/rss/articles/CBMi_AFBVV95cUxOSTVnckJuNkI1UklYTWtNdFNOeEJHNXJBUEZuc1c4NGhHbEpMVDhvQXZ0OUJUNS1pWktRTnkxdHh6b0JtRktZMXh2Q2NicndGWjRNaGVnZVhZQVUxOTBpMkp4SXkxZXF3V3FJYmN6WjhXei1TTzE5dVB0aERKbnhRSkNBWTlMZ2xiTTU3eU5PUFlkUmVXcTBfU0lzaEd0d3I4c0pxTG1vcGhPbFVyZDVaN1EwZDRtYUJTb2xPS2lGZGRGc2ZnN0hTVUF3TXBwYU8xdjNBRkFLd2pGRFU2TUJUeWlrWWNnNW1hUnV1dVdNR01tZGdpM1hHeDJjVXrSAYICQVVfeXFMTWtWd3VDbHpyWXVFcC1YOXlUNkZDQkZ6S1NhcVh3QVIzbEV1cU9KRThFUDBrbm9yWnBJSi1LRldaTjlxSXZzc1FQcjZGV21Gc1RPMkpYWW5rcHJibXN5QVd2VlpZaDYyNVlhdGt5ZVdmcEtXSTRQenFQMndHZEdzRDZETEFLZ1k3RWtnZ2l5S3JuQzRLSU40Y2I2SmhCUTlYZ01sd2xrNVJGdW5KR2JOTlpzd0EwaG1qeU1fY3E3XzZuVG14YktlZGRyMnIzRjRJdGNRMTJsWkI5OUJLZG9zeHk3QzdzUjdOaV9HcmJuQm40dWVFMGEwbVNicW80UFhiLUlR?oc=5,2026-03-28T07:00:00Z,India-US trade agreement designed to protect domestic sensitivities: Govt tells LS - The Economic Times. India-US trade agreement designed to protect domestic sensitivities: Govt tells LS &nbsp;&nbsp; The Economic Times
567c80ac38d08ff11ca6,India to sign U.S. deal only after clarity on tariff rates - The Hindu,IN,US,GoogleNews RSS IN-US,https://news.google.com/rss/articles/CBMi4wFBVV95cUxPMElmaGF5WXMtaGxOdjgxajlBOGNCekl1NWFRcHhoRGFmR3hCOEEwMVdkWWFfelVsMGZ5SU9xSy12UTZXUU9UVVJseTl3aUVLUjZ0bjk3S1lGMGZ3MkttM0NOUUtzWWtRMERUY3VFbFJJWVZlZXlZdXU2S196dWVJZWgweURNM1Z5VVc3X0hTeVN0N3EtOXZRRGxONjZFMjM1NG4xMFJ5VmlWYjFzXzQySTQtalIwQm1rNWNIbHFhb1B3NmhaZEFwVzJmXy1pVF9URldLMTkyWWU3WVlnNFB3SF9wONIB6gFBVV95cUxQZzlyd0RuT09hRU5EbFc5NGNZSFE1NDlha0sxNEVQNlRWTWdBQXFCb2hCS2M5VUJxc3lfR3l3MHVjMC1saTl6bS0yY241MTZDWWs1ZGtYVVd5UERzdENDcmswSlZoNXZid3VudVpsd1Y3ZlhnbFRTRDRwaUhtREhoYU4tYS14X09aVGJ6T28wUkIxTy13bG5aZ2Z0a1JKOVJITUVDUGV3TXdEZTF4ZGUwOGhSUURnSHZzUjJoUXhtOUxzN2JuUlB3RFNQT3NUeWpicVNLenpUV3JDT3ZZc25FVV9NT1FodzV1VkE?oc=5,2026-03-16T07:00:00Z,India to sign U.S. deal only after clarity on tariff rates - The Hindu. India to sign U.S. deal only after clarity on tariff rates &nbsp;&nbsp; The Hindu
9c055eb3da072e9520e4,India-US trade deal to be signed after new US tariff framework is finalised - The Economic Times,IN,US,GoogleNews RSS IN-US,https://news.google.com/rss/articles/CBMi7AFBVV95cUxPT2FHSjAzMTJSLUZfZlFKWUJkR3dlWGQ0MzRQUmxCVXMxUHJjOTVLLVJyY2hUUjd5UkV0eWs4Wjg4TWJNVkZyNjBWVkk2N1J3TGI1VWloTTFaUWZpZ1Q4VzVoNDNIdVIxV3RtSjQ4aXd2T1A4MVNSWjY3b0l0ZjJOeHJaN0ZRQXlDZ0pmbTlQVVkzaUlDSDczcUNPaTBXN3ZCRE1qSFl1R1RqZk5EU0FMZHlqclpqVF96aTZtS3UxeXRndzlWZFB6WWU0TEg4cHJNNlc3S2FGNEw0enhMT1doQ3ZfOEUyT3BGa25FQtIB8gFBVV95cUxPT28tdGhCSXpPc3pjbnJ0VDFIalU3ek10UTB1T0hFUm9veEo1aVgxNGdfcDdfWXdjUmpSRHZrNk05OVdUdDlKaTJzRU5ZeVVrRXRxU2ZDeGVKMUZ3OGkya1ZtWjVhNmx2ZUpmRU5sbTh3SHFkLUV6Q1NtTEFGeEVxSUhzQS13LXRfVGZJemlZWnpaY3BwN0h1TkVNZGZuYk1uMmxiRVpXZDBnX3I1eXV6Q1dKdkxIX0dlOGVkdTEtMFI4SG5hajNrU1RrUGlBWHhRTktIRHo2eTF4eVl3NjhTTDF3aUdrNmpfQ3RBREpXT3hNZw?oc=5,2026-03-17T07:00:00Z,India-US trade deal to be signed after new US tariff framework is finalised - The Economic Times. India-US trade deal to be signed after new US tariff framework is finalised &nbsp;&nbsp; The Economic Times
9d6c6a2444172086188f,The Political Economy of the India-US Trade Deal - Countercurrents,IN,US,GoogleNews RSS IN-US,https://news.google.com/rss/articles/CBMijgFBVV95cUxQYXlneHFCb3c4SlJxaFJmamotMFJqZWtUUVVNXzJvSmZQLTBuVDNxVGxZZzZaM0tPS3lDdlZ5YUNlYlZCTGo5V2dLcllZU1JSTDlFYjR2bmMxUHUyZXpBa3FQdjVzeVlZVkpZTW10MVZhWk8zaVZFUjA1eHhTNzl3TzBYc2JwNGI3LUpYRmZR?oc=5,2026-02-15T08:00:00Z,The Political Economy of the India-US Trade Deal - Countercurrents. The Political Economy of the India-US Trade Deal &nbsp;&nbsp; Countercurrents
46cd57591341e01b9bec,India and the US: Delivering on Trade Convergence - orfonline.org,IN,US,GoogleNews RSS IN-US,https://news.google.com/rss/articles/CBMiiwFBVV95cUxPdkdoYVhVZkpSRFhwWXJpblA0akw5VENEZ21iYWFVX0tuWU96TWRZcEJ5alFkMkRRc1o4bjdWdHNmUVNpLVNEdmlqMHJ6b1VhYlVzd3hiRG9RclFNX1RLTHpBWW4tS0UyTzZYcFgtUTI5c0pZamZyRFA2djQ1aGZWd0VLcXdEYmxCanFv?oc=5,2026-02-09T08:00:00Z,India and the US: Delivering on Trade Convergence - orfonline.org. India and the US: Delivering on Trade Convergence &nbsp;&nbsp; orfonline.org
f8bae0a688720d4ed574,"India-US trade deal to be signed when Trump re-establishes tariff rates, Trade Secy says - The Economic Times",IN,US,GoogleNews RSS IN-US,https://news.google.com/rss/articles/CBMi_AFBVV95cUxNVEN4dTZLZ1B1aHdlcWNuUHZSZzFxQjlGRXhXUmprLUV1OFRQV0tkWHZPdUotN0J6SWtCalJpcEY4cWt2clJfSHpKaDlpMmFHbnpwcWFJLWtqeENPdnp4R2VvN3FraG9ma3R2LUJYbEloVEl0RnVEVjYyaHJ5bGFicU1ja3VfMUE3dnVnV2tFNGlOU0VFb3NCMmxYY1dZQ3RBS1lyRjNhSksyTXVyME42RmVEcmtsMkpBLXZoT2VtNFlkRS1wZlNWbHhqRmxKOHF3YTlnSjRrakpTVVAtcGpoVWw4Q0R4cElQQW51YU1JYlVFUGxvcEpxNlBJX0rSAYICQVVfeXFMT3Jsb3k1MGtHeE5EaV9iMktlX0ctZ0RzNVYyV0lpSlR4OUhMVVJXY3A0d2puSTBkOHBZNTA1OVBUXzVYQk1yVUsxRDFCbm9valMyUVh3WVZMU0Eybms1b2pzRmIyaTZMM2pjb2xyNzMyMUI3TkxMeEVwYVVuTkZRRkx6aThBelpfMTV0anZEOFhGXzhLWWwwWE0yaVh5TmNXYjh3VWlxaHVYcmMxMm9YS3FRcVlMOUtwejVUcG1uR1VrZnc1V1ZTSnVkRnBoS1BuVC1LV1lNUzV6aWFuMXB6dm9pM083TXpMcHRMYUlzcENRY05xbzI2RUd4cU9LWTM1N2Jn?oc=5,2026-03-16T07:00:00Z,"India-US trade deal to be signed when Trump re-establishes tariff rates, Trade Secy says - The Economic Times. India-US trade deal to be signed when Trump re-establishes tariff rates, Trade Secy says &nbsp;&nbsp; The Economic Times"
e687ca7d76946dc14c87,"Trade Deal Tilts West: Biswajit Dhar on Tariffs, Imports, and India’s Shrinking Policy Space - Frontline Magazine",IN,US,GoogleNews RSS IN-US,https://news.google.com/rss/articles/CBMiuAFBVV95cUxPZWduZzRaSVJRd2pnOUdkNGhBMEJzbkxvTGctZWFiNDBTdThhd1hCR2kyb1hjYzF3UDdJWC12UWhaYkxUNnJZcTJoR2JCT1JMT3dqWHFXOXhPY1VYekRyM29hMnk5LVoyZmFZLWJMckJtNWZ0RHpYRXNidGM0VjRScU16OVF2MFJ5NmNEbWNrLXlsVVIzZjRQSGwtWU1FNjhEZDBla0xzVFBBRVQyNHBYWFM1NEhob0cw0gG_AUFVX3lxTE1iSVhQQkRMblIzTkpSUk94ZktlTWpDbXNHRkZlWjkwbU9PeW5SNUpiNll5SWk1TkNsbzk1Z1RzZXBLdFpZU1ZTYUNaYTZXWWI2SVJPX19vRWV3TzhaSW9OMGg4bzNPUHotZnRhdnNVMXdkSnpJUTJfTWNRcjR2TUVNaXRpaXNsYjE5T3huSmtmNzJYQUhKanZaak9hcmtiUG0zMmdDSGZCZEs2RzNZZnFzVUExRkZja0ZKT2dvV0Nn?oc=5,2026-02-23T08:00:00Z,"Trade Deal Tilts West: Biswajit Dhar on Tariffs, Imports, and India’s Shrinking Policy Space - Frontline Magazine. Trade Deal Tilts West: Biswajit Dhar on Tariffs, Imports, and India’s Shrinking Policy Space &nbsp;&nbsp; Frontline Magazine"
4468ef1c6551145d9031,India’s renewed focus on free-trade agreements - The International Institute for Strategic Studies,IN,US,GoogleNews RSS IN-US,https://news.google.com/rss/articles/CBMiqwFBVV95cUxOY1plUW9HbHcwRmlWaHhIU3lvLVl3MzN4VUZvOHZXblFZMWZKNHR0Tzh1ZEF4RFBybTBOQThXWXBLVlNzNmEwNHZud0xwVnM4ZVp4bTZDSVphT3dVY1J2dFRlb1BpekVsdWhFS2pFbHRIMHI4VTVUalRMcVhPaGE5elVYZUQ0eGJiQ0xTRW56MWJYR2VDZ2RGWkFIeU1UM0duWklJZi16TUNHSWc?oc=5,2026-01-26T08:00:00Z,India’s renewed focus on free-trade agreements - The International Institute for Strategic Studies. India’s renewed focus on free-trade agreements &nbsp;&nbsp; The International Institute for Strategic Studies
64480d0aa7f7b567f09a,India and the US Inch Closer to a Trade Agreement - The Diplomat – Asia-Pacific Current Affairs Magazine,IN,US,GoogleNews RSS IN-US,https://news.google.com/rss/articles/CBMiigFBVV95cUxQUWV2UG8zZy1YRUhpM3ljcFFnMTB3WWRRdnBoM1NDRU5PR1JJdHpJaHBXWUpvRXlQUTIzY1o2T2ZOSm44WDl5TzNMWUlnNW1XOUZObjVKaDRPYUN2OXk5dXlQLWdlM2cxTUE4c29TZnR0WjBtTkp1bFZ1Wmx1RVdqeFJXelhkdkVqVEE?oc=5,2026-02-09T08:00:00Z,India and the US Inch Closer to a Trade Agreement - The Diplomat – Asia-Pacific Current Affairs Magazine. India and the US Inch Closer to a Trade Agreement &nbsp;&nbsp; The Diplomat – Asia-Pacific Current Affairs Magazine
00691353da3837550b4c,"India to hold off on US trade deal amidst new probe by Trump, sources say - The Economic Times",IN,US,GoogleNews RSS IN-US,https://news.google.com/rss/articles/CBMi6AFBVV95cUxPME1FVXFZOVdjQ2dvLV9sRzVocXZGX1VBaEpnNzFlUHc3TVc3ZWNTb2pQTS1KWWN0OXNKRE94Y0JzdGlKXzBjdzdFM05TenFMV0VEY3loMmNFUHo4QnpqU1lsaFhtUEtCZmZoY29ISy0wOWlkWnpEb2VLem9TVjlidnpNdXU5eHd1eXdfQlFzLTBrTW93dWFsdFZqTUZUYS1FdV9Cc0VyalJwYzM2UUp4b19kUlRKRUdpSFlMMXNFYmVua3VBYUE3NThaYlNhMTdjY0lmUGVRanRfUFo1NFktZWt6U1dWQXYt0gHuAUFVX3lxTE41aVBhczd1NVVyMk51UUJ2V3JjNVM4dEtkbEpZR3RYcGJYaDM0WXBsbEtiTld2YVl4NVhWYnV4eHZrWllkSEdwelFxRkUzLXA4SWlaQWJ4eFNfVExlWkVOa0Q3UXBCa0N3YktuRUlINDl4X1REWk5YSWltUmtSaV81c3dyZGFlX29mSDBCS3VZbENYdDZ5QWlpOFFRRzdCTTBJclB3WWJILTNpZmozVzFoY2hvWnhwaENFc2lQMDZKMG1MSmVGWGNXaWgzVVh5R3ZSWFBBY1UtZFBNUWs3eGdMalUyNHpUOE9SaFRWZ2c?oc=5,2026-03-13T07:00:00Z,"India to hold off on US trade deal amidst new probe by Trump, sources say - The Economic Times. India to hold off on US trade deal amidst new probe by Trump, sources say &nbsp;&nbsp; The Economic Times"
8ba51da2c17623adf24a,India-US Trade Framework 2026: Costly Concessions? - Frontline Magazine,IN,US,GoogleNews RSS IN-US,https://news.google.com/rss/articles/CBMikgFBVV95cUxPYjEyZUdWbzNZQTJVYWwweXRNZ2dSUkJfZC1XWlRxZzYxRFpGZS1CTmNxR3BrQ1pYQ3FKbW5PWnhXTHBxTVUydTZ5V2ctT09LNk54SEJHX29wRHZWaUszSVZHTk5VT1ZDUXFyLUw2R0JXSkhsNWRjUmVJNW9vUEoxWTFpNlJwOHBha2dWTndjeG50Z9IBmAFBVV95cUxOR19UQ0xNYzBQMUxpZmRxOV80bTJMQTdfUGNyMEJjTGdrdUVwQjNqaDd5Uk9jeVdNenFSQ29oUm5fUFVYU3NnLXI5c09vS0x4OHBEeTEzc2JiRlZOZmU3UzNmWXRlVHNqQ3YtcWxRV1ZRZzdEMjlPd0VBZFJRLVVqb3lkb2FzQkNETHI0dWd3QkFnY1k5N0ROVw?oc=5,2026-02-12T08:00:00Z,India-US Trade Framework 2026: Costly Concessions? - Frontline Magazine. India-US Trade Framework 2026: Costly Concessions? &nbsp;&nbsp; Frontline Magazine
bbd7c87226ec7563cddf,How is U.S.-India trade deal being tweaked? | Explained - The Hindu,IN,US,GoogleNews RSS IN-US,https://news.google.com/rss/articles/CBMisgFBVV95cUxNcTd3OUgxQWZCRDNtQ3NOQ3hEY191bzlFbENaMDQ3QXlhN3QwWXhQR1dwMmhxVVI0V1hPNEpLSy15QUs2Rmx2YUc2OWpBM3VrVWk1Y2ljRFVpQlBReUF2NlV0SENzQVJ2ZTBZeXpvTXc0OVhJT25BRzNsNTUzMEtKc1BVMERuZDFQU1MyODRaS3lMZzE4TTZxXzBFVENIMlplVFh2aXBNNC13a0l4emE2ZGJR0gG4AUFVX3lxTE1KS0hHVVVnYS1IdFM0U0Z6OTZmVHdHN3dNelJGbG1TcXU1c19mTjJHcEg5VnNhcjgta0NsbXgtZ3VZcFBtWHJWTVkwU1dyR2labnFSVHVKWEJWZWRfUEh3SWNvSFRkUE5HWnhEQ0VmSnRTT1Z4ZEsxeUJCZjZWYmEwd1cyTEstOWQ1Z0IxZGhlUHJZaWVsM0J0cUxaekFoNjBYR1ZjSkg0SG5saFAwN3NtSXU1V1lsRlA?oc=5,2026-02-15T08:00:00Z,How is U.S.-India trade deal being tweaked? | Explained - The Hindu. How is U.S.-India trade deal being tweaked? | Explained &nbsp;&nbsp; The Hindu
9ad5a60dccd62618f8c3,India rebuts reports of pause in US trade talks - The Economic Times,IN,US,GoogleNews RSS IN-US,https://news.google.com/rss/articles/CBMixwFBVV95cUxPaWtuQml4ckk2QVAxY0RJSmNudmNZVExLaHNNcjY3eWZueGtybmtQbm5XNTNHOHdGV0FYeHFQbElzTldDcWJkQlk3ZExoYTBQbWVtUW9iNk1YUnBVeDItN0FNdlloMXlNRXgzdmJKNmpQclduanpuZEpKZ3lxZExKLXF0X0w5MUVXNEFRaXFTVXRuTVV5WENVdlhlUXNaV2xDaHZtMUFaMXNOV3ZiNl9HN2ZNeWhPREFVR2hxRFh2T0FLaG03cm840gHMAUFVX3lxTE1mVnhzYTZzNUJVV0otQVFBY25vZlNBRUsxZEFDLXZDUlZnNDluUF9FZU51VktacF85OFdzclpoeWFmelVDc0hNOFh3d0tCME4xbDhUT0pfZUhVMndlNjBLcXgxNGNjMGVURGZFdS04YTM1dm11VmlkZnJxVEt2MnRtWnRqdXVNb2J4ZW10djlGeVl5Nk5nNTU0REpOU2hlV0VsMFQ2WTN6NjVCSER6cDg0RlpqVFFrbnlkcXlDcGRZM2FvanBsekZscTRLSQ?oc=5,2026-03-13T07:00:00Z,India rebuts reports of pause in US trade talks - The Economic Times. India rebuts reports of pause in US trade talks &nbsp;&nbsp; The Economic Times
85a04607ae5fe686a840,The Outlook for India’s Economy in 2026 amid A New US Trade Deal - Goldman Sachs,IN,US,GoogleNews RSS IN-US,https://news.google.com/rss/articles/CBMiqwFBVV95cUxOa3NpaHFzYWtwMlMyNjc5SlZ3UzU4dkI4ckhIcDM5eGthWk15dVBuemludEdkMjUxekdSWWt1WG5SYy1GVlNtZ09WSVFxQ3FVZUhIRWdwRVBmbm80WGpCd0pQcDNCclkwWTI5VmhCXzV2NkZrbmR2ckRfektZN3JlNXRtY1FVLWdGa2FXSjhSaVY3aUgwYUR3SlRYVlhIZTVwZ2JqUUVtaDBKUUU?oc=5,2026-02-09T08:00:00Z,The Outlook for India’s Economy in 2026 amid A New US Trade Deal - Goldman Sachs. The Outlook for India’s Economy in 2026 amid A New US Trade Deal &nbsp;&nbsp; Goldman Sachs
a77aa412d686f906f8c8,"India-US Trade Deal Announced: 18% Tariffs, Export Boosts & Strategic Shifts Explained - TradeImeX",IN,US,GoogleNews RSS IN-US,https://news.google.com/rss/articles/CBMiogFBVV95cUxOVXgzNUIxc1lYbmFYUEV2VGxaemd2ZURYaFZoQUNHM3A5RzNMaFFST1gzQktKNXNKQm44eWYwRXE2My1Ha1pBbGNHb0Y2aVp6d3Q5ZFMzU2g0U1lXWDNvdGhhUWw2ZlMzekV4TGtYVlZ5S3dOWGlxYWZUVmRfMzNZT1FTYmFHek11YlVaWnFUUnZuQldCaWF0b2NmaENJWDR5YUE?oc=5,2026-02-02T08:00:00Z,"India-US Trade Deal Announced: 18% Tariffs, Export Boosts & Strategic Shifts Explained - TradeImeX. India-US Trade Deal Announced: 18% Tariffs, Export Boosts & Strategic Shifts Explained &nbsp;&nbsp; TradeImeX"
209ed04ef613f2fde42f,India’s Trade Partnerships Powering Global Integration and Growth - PIB,IN,US,GoogleNews RSS IN-US,https://news.google.com/rss/articles/CBMiekFVX3lxTE1ibS03cUYtajBBNjFTLUNJdWlCdWhpcFBmMjBvczlYVFpMazQ0eGIyZ0lRdzBreXlZWlhCREJkV2U1bzItX1E0NGE5UmFiNFNMcEVORHJHVDdLZ08wOW11ZGlzeFdUTE5sbkIzU1N2ZzVONzB3MmI2Uk1R?oc=5,2026-02-27T08:00:00Z,India’s Trade Partnerships Powering Global Integration and Growth - PIB. India’s Trade Partnerships Powering Global Integration and Growth &nbsp;&nbsp; PIB
9410fb5f7b0a4deb8797,India and the US: Closing the Loop on Turbulence - orfonline.org,IN,US,GoogleNews RSS IN-US,https://news.google.com/rss/articles/CBMiigFBVV95cUxQRkFrUk1nWnJOM3V4VlRjVFV1dTZiV2VqOWJSNURhUkpVcnh5bDQyQXBrSUR2OVFQRk5kajNFNTg5UmFsdEUzdy1qSGdkZEtkaDFwZDVXX3B4MU5kZk4wM3VIaDUwUmVLSnJ5cUY5eENiZnVQWnlHcEtEbzBZTGtUWXlZeVdpcnBlekE?oc=5,2026-02-04T08:00:00Z,India and the US: Closing the Loop on Turbulence - orfonline.org. India and the US: Closing the Loop on Turbulence &nbsp;&nbsp; orfonline.org
f61754a92fd6df0f0064,India–US bilateral trade agreement and implications for South Asia - ESCAP,IN,US,GoogleNews RSS IN-US,https://news.google.com/rss/articles/CBMilgFBVV95cUxPaklkNVJSX1hETmZmMmViR1Z2a2dncjBLTC16aU8zSkFkODYxZW9RcWswbXBON0NYQXhGVXR2eGVUVDBuZ29TUnhvZnpmdmNVZlhCeEZUa3Q4MGNZUzNydkR3ODdENDZZbk1zam8zTVVPcGpwTmpmYUZ0R1g1MTVPaXVYWUhWbHM3aEFGQWlHdzcxZktFY1E?oc=5,2026-02-27T08:00:00Z,India–US bilateral trade agreement and implications for South Asia - ESCAP. India–US bilateral trade agreement and implications for South Asia &nbsp;&nbsp; ESCAP
884c47d04a2ece66e8a3,"The U.S. trade deal, gains from economic diplomacy - The Hindu",IN,US,GoogleNews RSS IN-US,https://news.google.com/rss/articles/CBMiqgFBVV95cUxOdUdsY0JVZ3FRU0cwNFlxbmlCNE1Qb21XQzJQdlRhU09ycGJzdk5iMUdlMFA4QXJnVU83eG4tOXVQbGlSbFJFX1NrUk5rQVRDRkFYYURHVDhxWnpTRkRIOWh2amx4bUU3QllaRGkzTWtycU4xRy1zM1FOVWVkQlN6S0NkYlFiT3RzSUt6Y3hNVWZkOWR3R0NfME5aUVlobXFFcUYwSVFTN3l5QdIBsAFBVV95cUxPZlhxWnRLdDhRVDVYR0pTclU3Zm9aaWJwdk9yQ0ZWTi1fcDRTNHhCQ3ladXRyaEx4Qnc4WDVuTExFZ0xDY08zeWQ5Ymp1R0M0bUdCc01xWkRIbHRlQ05DVGtSdE83VXpNczdrLUVlQ3ZhXzAyOC1yRHRNMkluVFVjWUNqcWt4MDF3QTVEa3F0akRiRFRSSnMtSlpuNm83eDQzRG9RMWxRVEpyd1Q1V1Bnaw?oc=5,2026-02-05T08:00:00Z,"The U.S. trade deal, gains from economic diplomacy - The Hindu. The U.S. trade deal, gains from economic diplomacy &nbsp;&nbsp; The Hindu"
55c62122cb2d9b2cacfa,India-US trade deal: Chief negotiators’ meet on interim pact rescheduled - The Economic Times,IN,US,GoogleNews RSS IN-US,https://news.google.com/rss/articles/CBMi5gFBVV95cUxQSjFUQVFWNEtzTnlwV2w0X0dCaEZtTm1uUnkxRVdtN1RqWU82bmNWeFpwUjA4T0ZnbnA0MU9SSk9GMUpWVVBlMFNrVzdXRzQ0UC1DQjdOYjNRVlA0ekhZZGlZOGFMdnk0NmhSMTc1QjRQUWNUZ0Q1Mnc0NUgydnJpOE9PSGt6N0FUaTlHaEdvQzh0Y0hwTDlCaHBWV2Q5X0dtWC1ZcGQ1dGdIQjY1SUFpNDRHaWdSOXlESVZZUmNHNk5jQVZTdDJNTlhzSW5WMTQ4a0hRVFM0SlhjTjN0VENvb0dYN1BWQdIB6wFBVV95cUxNRGtWeFpYRVpHSnBncWZieHRONGRzQmVKZzlqWjYwalVRQ096NmJOSGxkVC12cVB4WURpZi1SdDNQQTVmTnlSUGxWMHJTdGlqMlNKVy1kVWctOWVGSVNSWlh3RkhMQzV5Y1ZZYVBPRjRUVFBRNmgyaGwyaFJYYnFsZm5zYzRIZm9NOFdmeXhSMkVxVWVZMnhoSG1rSGNOdDllVDFIbjlfRHR6eElqUzJiWHNSekFzYjBfaG1WWU9renN0a2VLcEViQlB0SzliWTVKOWR1QTROYXFxajFzVklkRVpUWlpQRUNBaDRB?oc=5,2026-02-22T08:00:00Z,India-US trade deal: Chief negotiators’ meet on interim pact rescheduled - The Economic Times. India-US trade deal: Chief negotiators’ meet on interim pact rescheduled &nbsp;&nbsp; The Economic Times
2aea447aca40da807d0e,"U.S. launches fresh investigation into India, 59 other economies on forced labour charges - The Hindu",IN,US,GoogleNews RSS IN-US,https://news.google.com/rss/articles/CBMi4wFBVV95cUxPSGxuWXZBNnJ1cGM3SlVqa3dKR2g0ajA5QnV2MmZIcDh1SU1aR2EtNG9EbWdUMGxseEU3bnlfdGhxWFFrRmZJcHBMTUxUcFZSVXNaMW5QX0NWcjBFN2cycWJZdjNFTjVORXltQ3VuOUk3SzlCZ0tEMnFMSWxYcG1tbXQxZ2VHaFd5Z0xyb1puckVLYjBvbDZqcUg3cXRmNmJ4dUVtaHlaOGtvT0ZNU2lqcnJSXzhoSmItMnhFeW1QRTNMTUFhWi1oc3B0VWNHUDJpU3lLWi1qRG53ek0wWExmN0JKb9IB6gFBVV95cUxPWnNXVlA1b0E5RHR3YnNlYXhwdld5b3NkMFlqaVNJVVFmVlNzR2NxMXdlbUtyRjJweFowdGxlYUlEY0gwRlZ2blNnajBPRjctTlFKYXB4S1QtVkZJNHZIYi00dkFJS0FQRHVsUG9nX1VRdGRBYkFxdklVNUFmMGRMTDV4ZGxNOEI5MUFqUkFoWWVxMFJhUXdSY25wTzNGNHMtazRYRjJGRWFFZ2NYVkptU1B6M3VzUGRYeUZaQkMxSmlWR2tKT3FFUUpueFlUbVNIRW9YZG9qVDc2YWNidGhUeUV3b3FCM3VoYUE?oc=5,2026-03-13T07:00:00Z,"U.S. launches fresh investigation into India, 59 other economies on forced labour charges - The Hindu. U.S. launches fresh investigation into India, 59 other economies on forced labour charges &nbsp;&nbsp; The Hindu"
c7dee351b302cefa8f35,"India-US trade deal to make sure only Indian and American products get the benefits, White House says - The Economic Times",IN,US,GoogleNews RSS IN-US,https://news.google.com/rss/articles/CBMihgJBVV95cUxQVTEyMnBOZkFYdVhqYTNGY2xVZDAyYnd1YmlxNlh4UFFNYndkVjJDaGFlTGlUWTVYSXhVM3hkYWxFZUZ5RW0yZzVlbjFCNXl2eUxycDRUeXpTeXpsdTlOV2hSc0hXLTlpdWxPZFFNUzFsUGYxVldtTHFUWjlaYkVwQXNfN2FqQmE1dUJjTkJVanNFWFlCZnppS2JXN1ZmQkJkMGVVZ1RMRnVEU1lzcnpINUJqYVFEY2FnMjNCVzNvcnR5VTM2R3p6N09iV2RNUHZBdGVuNnU0WEt6TFBWMFpnVmJ6aXlqQnpOQ2poZU12VWdkdm55dUtxVEl5YWxyMjFNUXFCd3d30gGLAkFVX3lxTE1CWEVKM3hORXppLXpQa3o0bVBKRlg0TkpGVXA0WFhCOE9hUkRQZmR2ckNPZ0FFUERSc2dhV1E3bFRDdDR1OWNiTWdZMXhWaVF4UTlnZ2FYcHVwRjN2STdrc2Vud3VVU1RaRjJXRml4NVdCemh4ZTBMUHM3WWlpcGhfc0t5ZFp5WlNzYXpWaFJBVlRjVDVfRUlTc2dFTV80TjFranRScS1HakxoX21hN2lyd3ZHUFA4UUI2eE1JUmtoaG1ORmJiaGVrRmF2bzZUYkl3Z1Vhd2s4dnJzeE9qM1R0ZjFtR3VfRDlTTHBQcndRcjB3TnNZLXEzbUtVT2xoeFNuRk1EUE1wTVBVTQ?oc=5,2026-02-10T08:00:00Z,"India-US trade deal to make sure only Indian and American products get the benefits, White House says - The Economic Times. India-US trade deal to make sure only Indian and American products get the benefits, White House says &nbsp;&nbsp; The Economic Times"
24fab1a6ad66aa3167c1,The Trump-Modi Trade Deal Won’t Magically Restore U.S.-India Trust - Carnegie Endowment for International Peace,IN,US,GoogleNews RSS IN-US,https://news.google.com/rss/articles/CBMinwFBVV95cUxQOXNLeDh5cmFqWjlfSUNmTEVwOTA5THBMSjRmcmc3TEoxN2lnaWk3Vk13WEFsWGZDTmlXLVB6OXZiMjVxYm90YVlNSnBNbGFUMm05V3l1VXJkeHlkTkdWNlh3bXA5bzVDZXNndEpqRmM0VkRVLWZUenVlN0dwVzFaQVlTcVRmUzJtUXItR2VhM0xKdG5yT0RUelJBeDNfd2c?oc=5,2026-02-03T08:00:00Z,The Trump-Modi Trade Deal Won’t Magically Restore U.S.-India Trust - Carnegie Endowment for International Peace. The Trump-Modi Trade Deal Won’t Magically Restore U.S.-India Trust &nbsp;&nbsp; Carnegie Endowment for International Peace
3ea03ca68ce818923e70,India-US trade deal: Fine print separates fear from facts - The Economic Times,IN,US,GoogleNews RSS IN-US,https://news.google.com/rss/articles/CBMijwJBVV95cUxQLUVmTEIzVzBNeXhZQkhQVEVMVjZfSi1LZERiZ2hZQzVaWTR4TzlkZG9COHRqY1hHZnFydTNmSWZvX095b1F1eFk0SjNzandGODdWeU8tekh0bTJ6ZzlTZElXUl9SSUIzUzAtWHVpTFNRNVdJN2VEbUtwSUN3TU4tT003S0s5WW1GTy1Uam1RZHRUSVA2N3VJaGUxVmMtNnBxLTJZQjZyVWJFYWVrZ1ZOdUx0M1dfTENrNHAwTVRLOVNDX3hsMHpPZTg4QWFvVXVBUkFpTTlaTVowemlwNWpLMUdXV2JBS0FDTF9FOGJaRXJ0Vl9mbHFEV1NabURXclBmVzVYajJsRVpoMWVScVVV0gGUAkFVX3lxTE05UVo2Y0NScHZvVS02dlpxbVV1NzZQM3NkcEtFOHNBS0pUSjV4S0RYVU9UcU5pZmE0dUxXUjhxZ2J5Z3hNMW9XTWNnOG9wS2hfVkJfOGtJSDRNMThDdW52TTZqaU0zU3R2VGl4WUw4VEphNmN2UmZfTU5YTG9aRU5WZUZFeldyZXRRRXdRRlhaX3RxV3hVaHBRUFJ4c25GWVVYZ1Y3eUZBb21TQjExR1czWDRhT3lsY3FXQndiaW1xenVqcWo3YU43Znk0UHhWNXE0c1NiMGhtREJkeWpLeWd4dm5LQUt1bzR0OFVmSGN5a2VjVUpsSUtFMDF1dnJrRzdhcDByelQ1WW9nWlFxb3dFOGFuaA?oc=5,2026-02-09T08:00:00Z,India-US trade deal: Fine print separates fear from facts - The Economic Times. India-US trade deal: Fine print separates fear from facts &nbsp;&nbsp; The Economic Times
fc744e43836f33dfb94c,India-U.S. trade deal is a blow to India’s strategic autonomy - The Hindu,IN,US,GoogleNews RSS IN-US,https://news.google.com/rss/articles/CBMiuAFBVV95cUxOeVJlVVU4Z2Z2bmJSbWtBYzdCcndjcGlzMFMxM1BsTDhpTmtFb0ljbm5kM1RSdk9PMmcyUnlkMFVZOTJVNllXTGFYU3QzemZuRFppZDFTR3NDTHl0ZmZMTWozVlVaMHhrUWtJNHRWWGZ5bkE4VkhtTUVKcFhzVEFqbGNGWXgwbGNRV283OWwwS1RCN2w3Z2xON0h6NUw4NW1oTWREOHZQTmNEREVEWDVuSzRDZEJZZXJh0gG_AUFVX3lxTE1QWnVMalNEVjByZGpMR0pSM0NmRUhQZGJKWVB0aVp4Z3JpSVVTMmVVbkN2bjNIOGtmTzA1RTZtdWxkTFRZbjg1VU9mOVBvYnNueldtX0tiTno0YzV5V0Q0WE5hTXFHVGZrdkZXZFRYMVc3T2VkYjNhdzFjWFBYOXh2M3g3N2xTX0RCd3hoLXdMeksxZVY0dHJJMVRpODQyOUFvb3pMWWhpRWd6SENQX3lRdHZtNWcwVnBiWVRwWXlj?oc=5,2026-02-09T08:00:00Z,India-U.S. trade deal is a blow to India’s strategic autonomy - The Hindu. India-U.S. trade deal is a blow to India’s strategic autonomy &nbsp;&nbsp; The Hindu
5b18c818ff6323ea10af,India-United States Interim Trade Deal Likely Delayed By 3 To 4 Months After US Supreme Court Tariff Ruling: Report - Swarajyamag,IN,US,GoogleNews RSS IN-US,https://news.google.com/rss/articles/CBMiywFBVV95cUxQSFNHVTFWVFNXRzNnb05hWjM2WS01cnBqWi1PbC1qRmRrUnU4ZEszbS1SZXg5OWtyY190enlnMWtNTlZ4SDJIdzVsZTZmRGRlb2s2WkF5Tl8zbWc0QjloU3ZiUU4zV3pfN2lla0pMZVdEZFQwbWUtVHJreVdtOWI2Z1BYSU14aXY1bnJITWdzRnZYT1lYeGtfc0dkeHc1Z0x1OHhBVURRZ21VU1pUanZjNnhBTWc0RHROTWV6NDgyMW5DN1J3QXBMN2lhONIB2wFBVV95cUxQZy1pbW9nOF9pNTl3b1FtSUh5Q2pibjJVcXN6bXpKMm5pVzVsUmkycHppY2FDUS1pRVoyWFd5QmwxNjZPSHNTVDk0Q0diSm40VUlYNjJlZVpoS0F2UEo4a2JXdEVnOGd4anVyNUJPQk5XNnByRHN4VWNHX1hIZ1NIMzRSMzlHaFlLWHEwTERuZUl5RVFVQkdURE9weGVKR3UwOExKZ3BNMUU0UlFld3FHa2dMX1B4RExxTFZoZ0xMWWlzUWFiR1ZXbE11ekVVczhicmRnQ2ctX2FnSUk?oc=5,2026-03-07T08:00:00Z,India-United States Interim Trade Deal Likely Delayed By 3 To 4 Months After US Supreme Court Tariff Ruling: Report - Swarajyamag. India-United States Interim Trade Deal Likely Delayed By 3 To 4 Months After US Supreme Court Tariff Ruling: Report &nbsp;&nbsp; Swarajyamag
020ade09410c83e87c7b,Economic Survey 2026: Will India-US trade deal be sealed this year? What the document says - The Times of India,IN,US,GoogleNews RSS IN-US,https://news.google.com/rss/articles/CBMihAJBVV95cUxNM2VVejUtSmlFTDY1SXVsLXBnRk9tcEF0VmUzZ2ZXdm5mdlJmc2VHaV9FQUhlbjBEeHdFQkdoT3JacGR0ZnBGd2RFVTlPZkQtMFNYdjVrOWVJMzhSS3ByT1JGX2hkUDU4OE5OOUllZjhtbUg1bzNZLUpvX0hjNjliOGtVZFB3bnBkMHgyZXpuVWI4NlcxWmVFczhMV0VRa0QzbjhpTXRlS0N1ZndmSFh4dHc3X1BVU0Yxd1NZRTB2cnVxb0NEdnB2UkhiMmlPeWdXeWs5QjF6eHVsVG1GSDBpYkNndXEtU2cwaDdmX0tMX2JoeDY4Q3BIdDM3c2RvOURwOFlDRdIBigJBVV95cUxQZk91cTlxQ29VX1NTbEVlUjJ6U3JqZXFPWXk2NC1iMldlQjNLa1FjZHF2eFJ0UFdldnI0d0M4ZjBkZmYweDJVaGsySWV1MjM4Nm5xa29sVDVsVkRQc0lNZmhJaTBfV1p0dEs3NVVGWVdPTUp1WnNTQzhqR1pQTTZJbm1pZ29EN25qMnk5aEk4VDVIZDhDNTdRT0NaYVFaNWFFVl9pLVJvRGphX1NNcnNXNXFkeWNiQjRvbnVLZGMzWjFoTWNPTjF0QmlWU0VQM3VlV0pjcFVQVHhaeEdVT1ZkM3EwclhHcVlYT2k0a05VUTN4R0xVM3EtMjdxNWNtZV9JV1ZaZjg1M0lCQQ?oc=5,2026-01-29T08:00:00Z,Economic Survey 2026: Will India-US trade deal be sealed this year? What the document says - The Times of India. Economic Survey 2026: Will India-US trade deal be sealed this year? What the document says &nbsp;&nbsp; The Times of India
323f1f8117b4c10f1bff,India-US trade deal: economic and geopolitical ramifications - Capital Economics,IN,US,GoogleNews RSS IN-US,https://news.google.com/rss/articles/CBMixwFBVV95cUxQWlZHNXhLdVJjOFV1ZFRIU2U5SHczVmVfTkk5dU5pdU93Ny0xTHEtOWw3WTU0bmJ2V0p5OUplU3VnYUlEYjI4RC1HQlItZU9WLUd5Vll3YXdERGE1THBxUjBhREJYQUVfei1YeUhuNzF1YWhPelVtdlM1ODBUNlBmdFJ4SUJUcG9SdXlnNm4tYjdad2tKNms4QjJMMms0UDZxYU9KdW9GcjhpcFh1a2FTeEdTT1hnLWtEWUhzV1R4a0RPWVZGSmFn?oc=5,2026-02-02T08:00:00Z,India-US trade deal: economic and geopolitical ramifications - Capital Economics. India-US trade deal: economic and geopolitical ramifications &nbsp;&nbsp; Capital Economics
0ff9d709f851dc83845b,"India-US trade deal decoded: What does it mean for economy, markets & Russian oil imports? Explained in 1 - The Times of India",IN,US,GoogleNews RSS IN-US,https://news.google.com/rss/articles/CBMinwJBVV95cUxPMm1lejR1aXp0RWdOZk9tem9GZ0xldWUwOGJFdTFFS2MycUNPM1A2OWVtaHBkTmpUVDlXZ3daQU55VnhrdVhUajFPOThOMDNWaVFjbEZuTkJkT0FyYWtCUTVDZUdmMDduNFdCMW5fNmRoV3ZJR2FZdlZ4Zjh1X0pyQXFiSXhiaDRzY0Y5WEVoNTN5Xzk4UGpyazFiYlJGbDR5b3k1MEp2R1ZkYVpZUnZfTHBrb1NuZ0xMd2E5NXpPeU9XcERWWEN4NS1iMnM4T2xYbUROSW9ESXlFWHFDRWRRNnBmMzBwcW1HSkNkREhfdHJZX0VWLVc2QTN6cjJKQjFtalB6Vk5kYzlxaDcyXzVjZ1J4VUFWR1NxTTdGbHEwZ9IBpAJBVV95cUxNcjZsNTRkYTFoZVYtRmJXaXRvdlFmaXlFdVBsd0NRbFV0cy1IcmVEWW90NTZBUHh1eDRpNTMtWlF4NWNQU1M5OU42cmYtMHh2V05CVlY2WVFlTWQ1TDhJOHgtbVlQT2VJdmN3dW1EelF5YlNzbC1fX09ZTVhLejVnN09manhocEhiaUpILWFWcUV1UTBQb3NXQmx5YjQ4ZkYtRlAyakVOaEpPVHZFNXVCeHlkdXdsYThNeXE4WkhmeU9kWW5qd21fV1JBdUI2dDB6Qm91NU9MZlBubkljYThBaVdUb3Z4R0lkS0s0aVpFMHZObTdySEQ1akx6Qzd3M0xoVHBvYk91UUY2ekprTVd5VjdrcHJtUjM4dnRBelRocFdZTkdL?oc=5,2026-02-07T08:00:00Z,"India-US trade deal decoded: What does it mean for economy, markets & Russian oil imports? Explained in 1 - The Times of India. India-US trade deal decoded: What does it mean for economy, markets & Russian oil imports? Explained in 1 &nbsp;&nbsp; The Times of India"
c3de5ebb324ac7decfea,"Falling Tariffs & Expanding Horizons: India, US Strike a New Chord - Cyril Amarchand Mangaldas",IN,US,GoogleNews RSS IN-US,https://news.google.com/rss/articles/CBMiswFBVV95cUxPU2FGR1ZmMnZrZ0pUWnVQNllKbkVLQ3BGa0JXbVVHdDYybGhCeDVxc2RuVWVkQ2oxdWdQMVRsV2xtTWxMTW92ZjBqcGlBZUI3VmRkSE1mYlU1c3ZLMktfdkM3Y01fZzRpMGRDTmlVMUdyZVl3enBxQzQtN2RKeDMwOWg1ekRPRFRKVTh0d0VUOEhwQVRjNzNZZy10ME5YcUJCRFZPOGhsLTlrbnZvcTVrYmRvaw?oc=5,2026-02-17T08:00:00Z,"Falling Tariffs & Expanding Horizons: India, US Strike a New Chord - Cyril Amarchand Mangaldas. Falling Tariffs & Expanding Horizons: India, US Strike a New Chord &nbsp;&nbsp; Cyril Amarchand Mangaldas"
8113445cf4f2a984d668,Where does the India-U.S. trade deal stand? | Explained - The Hindu,IN,US,GoogleNews RSS IN-US,https://news.google.com/rss/articles/CBMisgFBVV95cUxNUXpwUl9KNWdYbUVEUnpHaEl3S3NtV0pIaEhYc0ZwZ1d3M0JpMjNhVUhrTEFIbkdjRTJGQ2FueXdqNkFiVTlDOWVJdmxGOTRiUzlKczkwYTN3T2czUHhlc0o1SEFQTWFSQ3U4OEtKXzYwYUY0WGtnX3FrRENQRHFuQ21wUF9HT0RPbmVNZm5INFdjd1VUWmUwVU1hZHJkRDZsLVBPZy11d2ZPNGczVnNuSm1R0gG4AUFVX3lxTFBaWFJoQ2ZmNWZHQ3BMMXBSc1BGMzRmTlBVMS0zVHRqMlA3UzJKeDR0LXJSUlNMZEl0ZXNSSEZpWlU1NlJaR3NlS3I1WnJOdnhwZkhoRmw5V19EQjFUeVQzTUVxSmpkSE9WSHIwVFVDcXVzMnJlNlhiVVNTTkVldm5DNVg1eEh3V0xhcEdLVWJJMm92WkdrQlRaMmdVTDE0Qlk3a1lyTnlITy00WFZTN2xkdjBTMFhzZEo?oc=5,2026-03-01T08:00:00Z,Where does the India-U.S. trade deal stand? | Explained - The Hindu. Where does the India-U.S. trade deal stand? | Explained &nbsp;&nbsp; The Hindu
39bbf28d135efcac94d5,India-US trade deal's next big reveal is coming in 4-5 days with a joint statement - The Economic Times,IN,US,GoogleNews RSS IN-US,https://news.google.com/rss/articles/CBMi8gFBVV95cUxPZ2NDb2RUMlc1dDY4SUVBVXY1YmRBc2N5emg2QUJFazZKeTZkQmRIVHZ4eEk1U05Yb2o1Y3duZjV2Q0g3V05lenIwTUFabnQzTWRWVThNNVVKcnpKWEtSMTY3Z0NDMXB2LVZLeHhEaGpFaFJwc3BrX3RDdkctdVIzYzM3TXVZbVpKSmFFWXRnV1hqVkRQMkZQZmgzS0JRWWNEOXBoM2xVMXBXWmNkc0x4Mm84aUZtWnFFZG5QVzFTdXBEQkp3X0NhSXBQS1ZlcGMzSVNYNXFPNUJUMHdNOERiT3Z6V0pKUzRXT3NTNWpxdGdfd9IB9wFBVV95cUxOX2RwWm92UkxTYUljYVh1eDhwLXRzXzVDaFdZbk5qWkJoLUQ5XzJiMk5UNjRaeEJTSno4Tkdrd2E5U1o1MVN5bFZYWmVLbXpoaWRPVS05NFhpWlRJZkM1NjJpR1gtcGQ2ZGZkRzREZmw1a0k2QU9vSktvd0JVMUY3LXVlVXMxR3UxUTFuVDRMd2pkYUhKNXBnaTRNVjdjNU9hZ1paakRQTEpWRC11OTBnNWdfX3BwOS00UkY3aFFGSnZwZ1lHelU0Q0hzdlRFLVBQZEo5cngxdDFkRkF5ZnZGOXpXTzJESWlpdTlFWC1LNWVNbFZHUnNR?oc=5,2026-02-05T08:00:00Z,India-US trade deal's next big reveal is coming in 4-5 days with a joint statement - The Economic Times. India-US trade deal's next big reveal is coming in 4-5 days with a joint statement &nbsp;&nbsp; The Economic Times
62c380147c1eaeb208c3,Union Ministers hail ‘historic’ India-U.S. trade deal; Congress says PM has ‘capitulated finally’ - The Hindu,IN,US,GoogleNews RSS IN-US,https://news.google.com/rss/articles/CBMi0AFBVV95cUxOZm45LXF0ZjRCb2NWUllqR1g3S21iOWF4XzRGWjNHbnd5cnpRaEg2WHpoZ1pCZXR5Y0lBMGJ0V0NqeXlTSEVuUTVtVmNITnhKcklZM0NRQ3NTU2dOSnFCVVB5dFE1QU1IVXpvNzBWcExPczZLSVpoenZlV3J6cTZTZU5KaEd1RXp3X19Zd1N4bnZNclJzYmJubVpmSTJ6Y2hja1c0UkdWTnBENjVuekh5Qnd6cE81R3Z5VktSOFFidGQ0UC1IcGlvLWJkaFNwOVpC0gHXAUFVX3lxTE9UU2Z1Tzc3OEhKVHF0YzlaZk9OcnBaWkVxRi1IeS1uQ25DSW9RaGxWVTZ2b282RkxQVGZ1OW1Mb1oxRDZXYktNT1FhRzE0VC1GMG9lYV9GNUlFb0FYMzdRa05CcmEycEdGbEV1d1R1aDQyZkZzZVZUMUN6bVdPZElZeG1lTTk5czEzQXVSdkcwUzBYeWFodS1BTE9nYU94TWV4NWhILTNKYXF2dWdCdHROZU9JVF92SEctb2o0eFFnX3FZOGNPREJNaWd0LXh3czNva2NFbjJF?oc=5,2026-02-03T08:00:00Z,Union Ministers hail ‘historic’ India-U.S. trade deal; Congress says PM has ‘capitulated finally’ - The Hindu. Union Ministers hail ‘historic’ India-U.S. trade deal; Congress says PM has ‘capitulated finally’ &nbsp;&nbsp; The Hindu
19aa6e8d5fc8f9d34874,India’s Give-In Mirrors One-Sided Concessions US Extracted from Smaller Economies Like Malaysia: GTRI - TheWire.in,IN,US,GoogleNews RSS IN-US,https://news.google.com/rss/articles/CBMivAFBVV95cUxPN2ZFNkdGR01TZHdkWHlwNjNhRFB6ZzU5V0diTFdMdG55c2hYNTV2NHZUVGRxV2pBZ0puSkhjbjdQUTN5MFBEYjRmRW5IYndnVzlCbzhhVjcwY1Flb0hIX2RhWmc3SzFtTW5MQVlia1dEUWlwUTYyM0RWZW51Z1lteWN4OUVhREdiQzdLRVRDbTNOYlVsQ0hINkxPU1VJUHZyWXhpUm9MQWpiNUhWUVphXzlhRGlZWkJCeDBMWtIBwgFBVV95cUxOMllwYnFrOWdlMWotQUhXZjFRWmhFYUFxZkJSNm92S1d3RVdWbmJBTTNFaDBmZVVYSFl6eC1QdWJBZWtsWEhETlc0ZjNSNmRTcnpkUkpLbGxOREdWVkljTm5uWGJ2d2duTjEyYXFHcWRWU3RFdWN0Y2xKWTlGVlNKQkcyZHF6cUhPTktFSE5WaHQtbzVINUY3WnV2UUVSZDlWbXFLeEFlZVU0ZnV6MzZxa01WY25DSm9Vc3ZRYjR5Wlh5QQ?oc=5,2026-02-07T08:00:00Z,India’s Give-In Mirrors One-Sided Concessions US Extracted from Smaller Economies Like Malaysia: GTRI - TheWire.in. India’s Give-In Mirrors One-Sided Concessions US Extracted from Smaller Economies Like Malaysia: GTRI &nbsp;&nbsp; TheWire.in
28c66115e4cf09d1f205,The revisions in India-US trade deal factsheet by White House - The Economic Times,IN,US,GoogleNews RSS IN-US,https://news.google.com/rss/articles/CBMi1wJBVV95cUxNem1EUHdFVHZHQXgyOGo4TDNzVHA5ZEkzcHRtdXRiN1RYXy1Ubk1NM3RwZUc3YS1DVF9KRk51Nl9mZFUxRFpvc0h4bWs5U2tfM2NfMS1VNllpTU91VDY2R2NBUVZOVkdYbmpoSVpDN1VFX3M2ZVU3SnJFNmlIdDJtRGlwMlNKVU5NSVB5VHJBRlFmd0VfUVROUnYtOGV3TWZOY21wa29kOG8xcmp6V1Y0akx2bkpUQ2NYLUF4eS1SLXFMQTMwcTZQbDByZFNwRzNTeG1VWHBDV2NGLWYzTXJZZzA2UkFwdDdNaVVTNmx2WUNoTnlQUGpTZGFwODRQc3BhV2NyaGkwTHlfSVlVYnQ4ZnEwQnBOeTNYdXNzNE5FT0c3TzdkM2hZN3N0TEJpN0dWYzZ5d1dTeGtBOGZUMVJJU0NhaDVvUGdWOEItY0VhSW1rWGh6UUQ40gHcAkFVX3lxTFBEYlB1R2s5eUwwS18tbjJJR3Zrd2NsVTlJcTJleUZEUWF3OEJidWpiR0lzNDhxVFdHbEI4X3ZqaF9lTjJjbXJNNWZfVktQQ0J2YTRNZ3A2OThfaWh1S0ptSUEwQlFpSG1YN2tOdV9UUTgzMnVyYTBFcEhkRlN0U2o0dzdYM29ia1A2TmYzcXhWVnNLOW5OOGliZ0std3Z4c1pNNmxoRkdnNnptUjk2eVRVMExaNFBKdUpkYktZcktET0hGcF9uczJtR3MycEpyV0xhVHNNTWlLdHBCTkd1dlc2MTA3cWV1QTlWS1VFNDFaSEF0TkRPLWlxZE5mRWx2c3N3c3hqWDc2cHBoVXlNTEpPOThoY0hheHBQTFdVNXF0MFNxN2Fkb29yMmthbkU2LUc1NVJoRTdDWl9fbTMxNFNhcEFvcG44OHVHdzJqUi0zLXp1VzBWWG1kUlBPNg?oc=5,2026-02-11T08:00:00Z,The revisions in India-US trade deal factsheet by White House - The Economic Times. The revisions in India-US trade deal factsheet by White House &nbsp;&nbsp; The Economic Times
d9d5f97982dcd7fed3b3,India-US trade deal: America has stopped short of Indian red lines - The Economic Times,IN,US,GoogleNews RSS IN-US,https://news.google.com/rss/articles/CBMi3wFBVV95cUxQN3lPM3NZRmtNY0libWNQbU5ndkVEY1JGcDBXdHc4Rm5UbFZSenBrVVVzcERrT0w0RjQ5M2Z2eng5QVh6b2V6cHpiVXpJUWI3WUtUTTdrQ2hlMlNudDVvaUJFaDZkbk1SS045TENNSmo1Zk1Idi13NEM2XzdlVk4xSnBwcmpTZzdsQ2lxR1VXR0x5ZUdGczhGVFZzdXJpc0tXWTRkc21tNnp2MGk2SXZHZ3V1dWNCT2JJZTZxQUJSMFA2ODVQTUlhWmtRZzJnNkZvQ01WdjlYeUhnV3JiQnRF0gHkAUFVX3lxTE5jb2VXMDl0ZlNhU2RaMUNVSVlsNlpIaF9SbWUtbW4yZk9xdzNpLUlwSjI4eFI4QlRXZU13bjM2MkRGN1hLOGRqaU1kQ0JSd0ZQNmpELUhxaDNGbWpFUnNoQlRHR0FpYUx3ZzFJMUJOZ3BNNm43Nkpqck1RcF84UDk3aHBEMENJdmd4V0h2VWNJNks2elR3TFl6a1FWREJqdy0wX2x2TVdlamVXQXpQdXEtakFNR2JaQ2RqR1lxT1JmVldpV09MbXJVYkZOU2l4eTRKWXpsOFNxUnktbnc2QzNvM2hYaA?oc=5,2026-02-07T08:00:00Z,India-US trade deal: America has stopped short of Indian red lines - The Economic Times. India-US trade deal: America has stopped short of Indian red lines &nbsp;&nbsp; The Economic Times
a801f59973b83176e86a,The India-US trade deal is historic and will give new heights and momentum to the Indian economy: Shri Shivraj Singh Chouhan - PIB,IN,US,GoogleNews RSS IN-US,https://news.google.com/rss/articles/CBMiaEFVX3lxTE1HTGVxNGxQLUN6U1JIdWt0T25TbkpkcXVMUTN5MzE1MkxjREhXS1ozN0V6WFk1bmc4SUpzZG5JQlUyNFdoQVUtRGlFUUw3Yk5XWjVRWGpwcDQyLVcyaDl2dWkwSmZ6SW5w?oc=5,2026-02-08T08:00:00Z,The India-US trade deal is historic and will give new heights and momentum to the Indian economy: Shri Shivraj Singh Chouhan - PIB. The India-US trade deal is historic and will give new heights and momentum to the Indian economy: Shri Shivraj Singh Chouhan &nbsp;&nbsp; PIB
bb1873738a65dbb3f5fc,India didn’t blink: Key strategy that swung the US trade deal - The Economic Times,IN,US,GoogleNews RSS IN-US,https://news.google.com/rss/articles/CBMikgJBVV95cUxQYzJocklsaDRYdmhfRmNPV0JaaVUwTS0yVmtTTTNzN3Y1Q2EwQXlBSy0yLUFpSHN6alVjazhObFpjRHk0bEdDMkNXWkRrRWlBdmlaTElEMV9KV2FwUTNkV3FQWWRUXzV2N2pmV0hDOXJRX0Nfelo2b1NhS05KamcxQWRRbUVXaTl6YlNtMkpyQ2k5ejRLb1NPWmd5WUZ3N3RJWjZNc3lqVmdFMEZyaXhUTHVUN2lvYkRMN1NuNERNS2VzT0ZBRUZOTUFMU3Ywd0kyRGNYdHlna0FOVlFJQ2p5OXpMMkQwelllUmhsOFJOUVVnbnZ1Y0htMDM4NjBCNmVOcXU2LUNWTXF2UXlhN2FvWEp30gGXAkFVX3lxTE16eVByUTFZQ2NBcGpwMUloSTZEYXR2ZzVidjhmQm12cmp5SmdDYzEwWWxQYldVN3c1UTNpU2t4LXFrSXpVM3ZIYWVJNkpQOTdFa1FSaUJTS3RHczhoYXhsQzUwQ3QyWlVIcU1VLWw4eW9WQ09razEtZkc1M29faVp2V2hVYXM4bmd0Z3lKbGtjb3BFR195MWRGSldPVzIyeVM0WGxqOTJRX18tVm1nVWhWd2xUR0RTdDZKdHZkc1laUGVyNi1lbVk3ZTRsZEpaMERxNkhTTkhJTGhoZjBfMDBzT0dwS0RPQ3pURFBoSWpzdXFVbFRYZHRiXzJzSzMzT2pkR09WMkpEOGdyLUhTdFA0djVXWm1lUQ?oc=5,2026-02-03T08:00:00Z,India didn’t blink: Key strategy that swung the US trade deal - The Economic Times. India didn’t blink: Key strategy that swung the US trade deal &nbsp;&nbsp; The Economic Times
12d5018f88fc5ad1a79e,India-US interim trade deal framework: Key highlights - The Economic Times,IN,US,GoogleNews RSS IN-US,https://news.google.com/rss/articles/CBMizgFBVV95cUxOVlV3ZE1sQ0J5bkl2T0dBUHN1T1RPYkxDX1pVRnBUTDlJSm1HZkxxYzgtbGNpTGRmWDVlN0hfc21RSXZ0SExucWRTbk9DMEI3VUJKQkUySGNiMkVneE02WFVUTGtVZWUyVlEySko1VHJRMkw0bzcwWGJEUFZaOWtyU18yZElyenp1MDRpRWxiOVFYZjlHR0NBaXU3cFlKRVNzSmNhM3RFaThmRnZQaGRIQ1NabWZibV8zeUlhTUFocU1EMGtUR0xIZzNCYUg5Z9IB0wFBVV95cUxOOW05WEhwN2hkWW5IR0cycDNpcWhzT3ZaY1E1bTVSVDFlNEpXbnFldFFCWHNqeWhodjMyUlBxQnhOVUwtWEdIamRWS0t3dThVVF9EMjg4SFp6cmJJZjBrMjQzMlhzajhwWE5lNXhzd25CRWFFVUx0aTFQLVlranBPejIyZ1lDUDllMEUyRWJsWnUxMm4zdlhZaktXQmR4eHJhb1NmUXJ2RFY2d1ZrajRZNk9yWk1JcmJESzAwMXZSQk9XWlVPRVBCZEFUZUlPRHNTdW00?oc=5,2026-02-07T08:00:00Z,India-US interim trade deal framework: Key highlights - The Economic Times. India-US interim trade deal framework: Key highlights &nbsp;&nbsp; The Economic Times
62b147a9b5e2d144d20c,"India-US trade deal may be 'rebalanced' if circumstances change, says Piyush Goyal - The Economic Times",IN,US,GoogleNews RSS IN-US,https://news.google.com/rss/articles/CBMihgJBVV95cUxOc0xqUUh4X2RMcFh1TkpxTHVjWktWbEp1ckI4Nm1KZ1BMRnNHVW1hd2dIbmY4RUJYMlhKTFZMMGVncmpsQmdJQV9wSjNOcmp3N3NzSDdLLVg2MUdEdG1lSG40VnQ5N0RzRnFpRWVBM24tQV9ueE1rbTZXTmNQc1RNUko0WVRKVmlIUHpJSFFVUWprQ182YzNJek5SbDlQNnczMGZQMWZUc0d0MVRPbkliWTBGS2g3NWIwUVZBZU4tTlMzNHllVGJHcGtSOWpIYzJWalA1WllPMEZnekFEOFlxdkt4QmdjV3NmNVRPNEZOb2NYR1d2YUVUdlc0R0VyMXM4SmlDNTNR0gGLAkFVX3lxTE02SG5jRmlEdjZRdzVyOERYUHNuc1JybHNzUVUtWnE2VHJHZXE0czBrZWVzbGtBNVNmVXFweC1UNkYzeHRKVzV3bEpmSTdCdWZSV3Zuc0hkaTZxWlM1aFV0bWRMTmp0d0gxZDEyRGhteXh2dVE5cWRsOFdQdE1tTmo4Z3g0bXZWUmFidjQ1ZW1EMC16c0c5QmZ3MmtTTTZFMEpqNnhCTDVLSXRJMzB4bWVrTmxMUks1OUkteVltVW9ud1hBY0lVQUQ4NUFfenN1aWxmWFlwaDZlb0RiN1hlS2lLUTF1RV9lbVRnTmNBLS1nRFlvRnBQWExERzRnakJVLW0zOVViblVzTW42RQ?oc=5,2026-02-27T08:00:00Z,"India-US trade deal may be 'rebalanced' if circumstances change, says Piyush Goyal - The Economic Times. India-US trade deal may be 'rebalanced' if circumstances change, says Piyush Goyal &nbsp;&nbsp; The Economic Times"
e57e35b1b59f43f9f1aa,US trade deal looking more palatable - Capital Economics,IN,US,GoogleNews RSS IN-US,https://news.google.com/rss/articles/CBMiqAFBVV95cUxOTUJhYktTb0pJVVc5dWtUOXpkazdWSGVWem1weGlGQ3o2WVVldnBRZlNaYm9ZZVktMXExdWJqUWVCWnZfSXBTZGdSTmdHUFI2WUR5alhIYjdrMGxLY2hhaHpHeUpTcGtCTm9CdXo3YmJWcE0xQ0VUeHVVc1U1LUlqa01DRFhlM1M0ak9pQjVYRlJib2k0d3pTVGt5SW1HWEFDRXh3am9iQzE?oc=5,2026-02-13T08:00:00Z,US trade deal looking more palatable - Capital Economics. US trade deal looking more palatable &nbsp;&nbsp; Capital Economics
e14086117ab68dee7b49,India’s US Trade Deal Forces A Long-Delayed Economic Detox - thecore.in,IN,US,GoogleNews RSS IN-US,https://news.google.com/rss/articles/CBMipwFBVV95cUxOdHJXQ3d5N0hVSTYwaHI0VTJlWFZHaDl6amRfRXVoMS1xUGNEak9LeFlWYndTTmdwbjU0eFFfOUhsMEs5WlZ4bHBZemNVcjlTTm9GeWhCcm9QRUx2Nks0ak9qS3lGWHVHbVZQNExPS2RKNHdsaDk3M2RpWUFYX09MNXM0TEVFa0w5TUpsdmVBcWtmWTJMY3d2Y3JrOTdjNk4yRkJkaUwxYw?oc=5,2026-02-04T08:00:00Z,India’s US Trade Deal Forces A Long-Delayed Economic Detox - thecore.in. India’s US Trade Deal Forces A Long-Delayed Economic Detox &nbsp;&nbsp; thecore.in
972abcd09902983999bf,The one number in the India–US trade deal that hurt Pakistan’s feelings - The Economic Times,IN,US,GoogleNews RSS IN-US,https://news.google.com/rss/articles/CBMirAJBVV95cUxPdjNxZVdnc0JZdEJRMlZMdW56d0hZYzd3bVlaMExmQzVmWGQzd0JJZXF0ejB1S2VxUTZpRWpuczlrb0cyRTU0Yk0wZ0FaYU00NlRoWnJuRno0Uk5BSWktNGM2ZDZHNDBSRHUzdUc3T1htUXZHNW9TbDVjUU1DV2V1MDAwZlJyUm9CNTNpQncyZFRXX2FOa3I3eXhqa24zeHZCX3FqRFRNcEhNNzRjUlM3bzRmN1pkMnR2VTI1ZnZlRFhhaWxzQVFuV3hnWTk5eUE0eHQ0MXNVY3F1WjhndnZlNkwzeHVLVGZkLWxzX0IyX19aRW0wMkRxcElQcDF6Z1FDY1otTXVnNFJHdG1MNUR6UnlzUGhBRG5pX1cyNWhHRk9PSEh2OWJqcVVVX1nSAbICQVVfeXFMTlFnSXExdnI0c1lDX01wNHZkaER2Y2R5UDZDVjRTNWtCeGwzd21OZmRLVThxOVdlMG1FVEZrVHJUWVNDaXRTRHo4YmtDMDRRc3FhSXhNMGlRQkd4X0dkenpyZ0RXMWREVmU2OFNUaGppWDRfM1NuWEs3X05QbWN0WkY0RzQ4TmlNMGIza1A0bVFkMkhfdHJYWTBKbTlJcTVodjNmckZmSTI3M3NPM2h1WHY1UlY2cDdwSmczN1h2M2tSbTlOOGtpOERsNlhBXzBoM0N6ZFdsZ3JSV1hERGNfZ0VEN2lBZnRaSkxoS1o2X0hwWG4yZUx3eVk4aTVjYVdZYnhXYjI1cm5ocHJ1amhGOGNBVHVoR2NzNlgzMGxFU3hjQXd0bFMtTUozeU1ITjFxT1dn?oc=5,2026-02-05T08:00:00Z,The one number in the India–US trade deal that hurt Pakistan’s feelings - The Economic Times. The one number in the India–US trade deal that hurt Pakistan’s feelings &nbsp;&nbsp; The Economic Times
4a9e25afc80689bb900a,Trump calls India-US trade deal ‘historic’ as tariff cuts and coal exports take centre stage - The Economic Times,IN,US,GoogleNews RSS IN-US,https://news.google.com/rss/articles/CBMigAJBVV95cUxNckhzMVFpeFRzVHByMWs1SzlJWE5fLXA1MXh0c0NIMHBhTWI5Z0FaNWc4S2luUnBnSGVDUlpPUVdzQ3V6c2M4RzRvUVU1RDRYWndWNVFkbXV1S2UwNlRBNC1wbzdQLU1VU3R0Y1JEbU5kWndNVWc4TnlEdzh6SnlJdzNmaUxHQmZlbi1FYjVYUGt3ak1TNGVSdmxKZmRMY1oyOWU0VkhiaThkbklacTYwX000Rl9wMVo0ZFBSbVI1T2doMTE4Vkl2RE5yNHNiX21oaVltRW1hUmp1ODJVeWJjQXhfbWVSUTRDQnluSlo5OXJDVU5CYVBhWEpTcm1ONlNl0gGGAkFVX3lxTE44dzIxM041dkE4UFlWVEo4YTFBVmY2VXlkZlk2ek9hVkVsbFhNWUtrQVZ1enlMSjRSRUx5T2pZcmY5V29CRlhlb014RGxFemdFVjkwSDhwNXBxRTFGZGo2NDNFWUlXQmppaExCcG1wVm1YN0NZTENjbjJOSUVWei1vazgwckt0LXVXYkJIcFhyNEhWUVBBMjA3VzhmS3pqOHpRME95eHY4dVpRRzZreTdRTU80NHc3aDlZNk5UZHE0ZFRhSkxTSkQ1LXVfd1pUSHg1YWlsMnA3SzBER1hDaGxidDdOSWRaT0d2cExiWjNiVDc2Y1l1a3ZndS0tRWZRWVlPLTQ3a1E?oc=5,2026-02-12T08:00:00Z,Trump calls India-US trade deal ‘historic’ as tariff cuts and coal exports take centre stage - The Economic Times. Trump calls India-US trade deal ‘historic’ as tariff cuts and coal exports take centre stage &nbsp;&nbsp; The Economic Times
9bd5902af45ebfb43067,"US Ambassador lauds President Trump, PM Modi for India-US joint statement on trade & economic cooperation - News On AIR",IN,US,GoogleNews RSS IN-US,https://news.google.com/rss/articles/CBMizAFBVV95cUxNQVA0VTlpMEhkQnFDbTA4cXFKbXpLaU83cjdfOUhFQ2M5RXZJNGZOOHNQRWlnNUdGYkNYT2Qwa0JHRng5clNIUmI2MXNTbDJTakNJUFBEengySTdhdXh2Zl9QM0RPVHJrVUdJSy0yOFV5eWZpajFGSGZJTHozRllSRnFmX3Z3VWpJbHRBOXdjYXduOHVqOFE2OTgtYlUwenJndUxOSlo4cGdHS09IbzdYaEZQTDFnUDktR3N3X1ZlS0o2b0JWZF9fT19kTFU?oc=5,2026-02-07T08:00:00Z,"US Ambassador lauds President Trump, PM Modi for India-US joint statement on trade & economic cooperation - News On AIR. US Ambassador lauds President Trump, PM Modi for India-US joint statement on trade & economic cooperation &nbsp;&nbsp; News On AIR"
e721c4a0b13a3ee591f4,India-U.S. trade deal will not include sensitive agricultural items and dairy: Goyal - The Hindu,IN,US,GoogleNews RSS IN-US,https://news.google.com/rss/articles/CBMi5gFBVV95cUxQVlY5cmdWckc3Rm1kNGxQbHpEZDdwU3BnVXJoaG9CNkN5NjA5UHBNWjZrdW1PSGZqSDZZSkZSaW9laEZKbnJGN041SkdkNDNLMUFOZHVFVHpQalg1THpZajZHLUxVWFh6MVZGbTVSQWJFc1BwNXBWenp6bnVkdjl0aWVIMWlVMGFjdjFzREJGLXRYSF9QbklOV05XTnNIc0FpbVdfUmhiRllvcUZRRjEyblRuc2xheVUwSGlLVkxvZkVBNUVOWDU3Z2JNWlFNYWJGQzl1YVdUNU1lZnRib01fZ1pjUlVQd9IB7AFBVV95cUxOSFM0eEs3MUZ5VUF3MDB3WnJ2Qmp4YVV3RXZ1OTJ5ZS1weHJaOW1uSlM2TG9yVnV1QnJucDFIdEJWVF9CeEVmWEwwME8xa19Wb0gyUE1fa0V4c0NkNjN4aEFsSVRKdkVEMml6SG5ZMFdzaHQ0Qk5VUTJ6Q1dhUGVXTEFIS1RKZzh2Yl9GYVhsSUpFZkFxUE1ubjljbzBfQ1VVcTJjeUV3bmlicmhMcnp1Y2hLQlhzSnN3dkZTTWVpcUtOcXNLd1B3dGh5S0ZSUVZVRTVSUkNKaFctTzlZeDJmanoteTgwVFNGMjlweA?oc=5,2026-02-03T08:00:00Z,India-U.S. trade deal will not include sensitive agricultural items and dairy: Goyal - The Hindu. India-U.S. trade deal will not include sensitive agricultural items and dairy: Goyal &nbsp;&nbsp; The Hindu
90e1afe5d2b0079b905c,Union Minister Piyush Goyal hails India-US Trade Deal as ‘Historic’ and forward-looking - News On AIR,IN,US,GoogleNews RSS IN-US,https://news.google.com/rss/articles/CBMitgFBVV95cUxQbE1wX1RZQ29XYndTRXo0b2dNQkRCU2diUkR5eExxRHRMTjRtNjZrdTdvQTdVU3hBMXFaQWlfT2xLV2M4MjlnTVpKSnlIblJnUExvU0JqY1BpNk9fNmhvV2pLSTBMNWIzOTZZdmJPZHUxVll3TG1hcmM3NnhuMmhMQ0ZSU1hXR0JFaFJZc2FiTDhMVkY4Wkx0TlhRVmdTMDRxanRvZWVtWDA1RnV3OW9rUXBYU2xGdw?oc=5,2026-02-03T08:00:00Z,Union Minister Piyush Goyal hails India-US Trade Deal as ‘Historic’ and forward-looking - News On AIR. Union Minister Piyush Goyal hails India-US Trade Deal as ‘Historic’ and forward-looking &nbsp;&nbsp; News On AIR
d8784a254981987a81ee,Highlights of India-U.S. interim trade framework - The Hindu,IN,US,GoogleNews RSS IN-US,https://news.google.com/rss/articles/CBMirAFBVV95cUxOTzlqWXVVUVdUQ0NYekdJbXNka3JHdnJod0J4NThUM1FJM1I4WkhXbDlkekNsQm5YNTJQc1hKNEdpZy1ydFFEbHUyT3lXQUp0QjRES0tkT1hETlRTa2hRWTdTLVo5aGVhSnZjY3I1LWNBeElNNDJxbXdSb2l2R21LNXltUWF0ZnVsZEZ3d3pySk5XMmNVTy14eUctdUZ3Q0dwMFdKVFhmZ00yTHk50gGzAUFVX3lxTE5LUi1GTkhBaktqNmpzaExzQmI0WVlfYW9YM0RpMVZuSjZUY2E4M2o5Z1plZ3k0ZklyQ0VtdE1OY2M5bHQ5RjgxOC1DYlBra1BsN2FESmxCSmNOeVBKTzZheG5TVlkxY1lzdm9HYXlJcmxJTndqbzAtZGtyLVF4ZzZZZlZLa1RVNFA2dXpITk9rek4tWlJlVGZvMUpyNm9OSDNlUm1ibTZwUFJ6TDJxRWJBZFQ4?oc=5,2026-02-07T08:00:00Z,Highlights of India-U.S. interim trade framework - The Hindu. Highlights of India-U.S. interim trade framework &nbsp;&nbsp; The Hindu
29dbe41a4237f759dc85,"India-US Trade Deal Fact Sheet: Beyond pulses and 'intent', there's another big change you may have missed - The Economic Times",IN,US,GoogleNews RSS IN-US,https://news.google.com/rss/articles/CBMiqwJBVV95cUxNcVFPc2NFX0JCMlJucEZJWWRtZTlCTVZJY05MaTc1c0VLM2MzYzNIdl9tWFozS0dVXzZFSlJxSVR6SGJTNFZFT3o4aXBpY1NlV1ZuT211QTJCQWltamNQX1ZpNEFKTTJsRmtPNTdJRDJtMFVhNW9BWS1LZTdvdDVHdThMNFg4T3lJOW1KaGF6NGFzdzdZTHhWUU5VWGxGNmJnWlpqYWN1RVRZZG1kcV9SV2VNNTVPc0lMcmYtckFPVEF2eXNOczlUcWdTTjU4aVdEUFdOZndjaUVhRGlna0xoQ24xMUFUVURZM0d2dmxhT1oyYUR4cGZRb1Q4Z3QwSllIYmJvVkxod0U3d0pfZVRCQ09XZXM3WWtRSGY2Nkg5Y04yblJlUEp5ZzNVd9IBsAJBVV95cUxQY1BLSEhvTTlxNm9tM3dnOUNSMWtoMVVkcDVPbHpIM3NqZTNfb3NFM09URVNtSXViVVVyMUJkOU14YUgwcThDOUJpd3JvTnNlUzlrRmlFaDI4c3hoVElBVVN2dnAyUkM4Q2FaWklIUHlmR0NiVWpZTXpoWHlMWlE5cV91SzBobm44RER6dnlOQ1hjb1dneDRVX2VGdnlvcVZEYlJjWVg1Z04ydURDQlNzZE5laENPdWg4bWZsdE1CT3RBb2ZpV2NMblNqdjBrODdsOWIwSkJXVlRTQXVDVHA1ZVJSMGcwckd1ZVE4WHB1eDFBXzFqWHc2YmRyUzFGak5mTUc2MGdZWXVRR3dHS1FFSlUzbW9HYUVwbkpoOW1DSnJIX2Z0TXlIMEMtbWJ4Ujlv?oc=5,2026-02-11T08:00:00Z,"India-US Trade Deal Fact Sheet: Beyond pulses and 'intent', there's another big change you may have missed - The Economic Times. India-US Trade Deal Fact Sheet: Beyond pulses and 'intent', there's another big change you may have missed &nbsp;&nbsp; The Economic Times"
96fd93fbd5fa9c7ef905,India–U.S. Trade Deal nears finish line as chief negotiator set for Washington trip - The Economic Times,IN,US,GoogleNews RSS IN-US,https://news.google.com/rss/articles/CBMi9AFBVV95cUxOcFdlQ0lWenBhUXpDbVotbklrV2UxMV9lN2RzTTUyc2kzWHN6elFkMUQ3THFoMkwzZ3VhTXpjNmVBSDd1TTNYcVd0NVVpZnpzTWx5MDRCemZoN0JWOUVYMTQyM3M2TGN1TXVKUjNUd0tBcmhTVjlMNk40NEwycUdsMTctVnhuSjBWQlZEaXo2RVRHdXNTVlR3aGduU1ZiTG8yVHEtVUdmZENLa1JsMFpHS29iUWZmQXVjdDdGNEllUlEwNGRuWVZ2TGY1TzU4VGJMUmxPcFVBRkN4b2hBdTdxY1p1by10SlhEQjlqdkFTRjNYV0xH0gH6AUFVX3lxTE91bjExNmVDTTBuUlZiUkw1WWJEbVpycld5dFVBem1Hdm5VSTRPU0kwQzluREdHSDI0T281ZXZpVUtmcWF4cjZDWjlqYm9LUDhpX24zbF9xalk0V2VYU0JuckNrMmkxTmszTF9aYV9YcjZfSlplbUNPd2hDbUFBMEVpdllIdE5VZFY0TlRTVDR6TV9rWjRLNTU0UjlTTkJEQXlrUm9sQTdHcVlyVC1JSXdlZnQ0SlZ6UHI3YTlBR1B0V1BXdy1vb19zRkN3TVQ1TFhOcThhdXFoOUp1aG8tandOLUhlTERhUV9GcXlsNUtySlJSOFcyOWppR2c?oc=5,2026-02-16T08:00:00Z,India–U.S. Trade Deal nears finish line as chief negotiator set for Washington trip - The Economic Times. India–U.S. Trade Deal nears finish line as chief negotiator set for Washington trip &nbsp;&nbsp; The Economic Times
f3a2b187218cf9486279,"From drugs to aircraft parts, what India gets under the $500 billion US trade deal - The Economic Times",IN,US,GoogleNews RSS IN-US,https://news.google.com/rss/articles/CBMi8wFBVV95cUxPem5vSldER1M2QlMycmtqSHdxaFJ0V2JfX21NUE1vQ1czaVRKQnloenNxSmpvbWJhNnNNeEU2d19HMXp2TElNTmhxVWE4YkE0QlJadFNLQTJldkNvTjM4ZFBIc3ZxOE9LMjBVYjNKMUV0Zml3UkN6M0xFSzRyMEl0MTRjMWJJU0xQcXNUNTY4MGMxNGJXMVFEd3RPX1lPMTVTUHJ2NTdaMTRKb2pjWTlxSHRWNEp5ZGNaQTFtMG5JXzA3X2pxYXRmTU5SQk92OUJYV21HMUdZYUlPRjJsaG5aTl9lTmNXOUx0ajVpNWNYTkQ4cHPSAfgBQVVfeXFMTkk4NU9kWFo3ZHRyLXdnZlhvVmlxSXpQbWJlTkpwdTkydG1xLUxORDY0R2xRVnFDTzhnemNKUHFYV1pOYlBjSXoxeWktbUdSWGtiVjM0NVJpR2tJdDFzVFdtbTJteHo0eFc4eDRLNE1DZmZUbjE3OG1Ra3BOd3hVVjFPOEhKMFlmWm40X2JwVTF6N05Za0JLZ2c5R2JiWllmb0ZXLTVIcEd4bDFiSXh1YVV4dVpiRFJKRFJHcjBGUjVDNDBTYVNlVFNReG1lcG5wWFE5Wm9fcVVLejlqMnlrRHpMYjA0ZHJiSjdTM0Y0WlZQOU9KMVNMRUI?oc=5,2026-02-07T08:00:00Z,"From drugs to aircraft parts, what India gets under the $500 billion US trade deal - The Economic Times. From drugs to aircraft parts, what India gets under the $500 billion US trade deal &nbsp;&nbsp; The Economic Times"
c472a7810cc3cc97d5b8,Did Trump Jump the Gun With the US-India Trade Deal Announcement? - The Diplomat – Asia-Pacific Current Affairs Magazine,IN,US,GoogleNews RSS IN-US,https://news.google.com/rss/articles/CBMingFBVV95cUxOSUlneWJNdUNseHF4SjlOLXhCdWhWcUVhOExWaHlsbnVmWkxiU0hycUxpUGxZbDR3TTFJOHdEM19fVlNteEZ0bEFIU3h6MzdROWQ4RmZYdC1uOGJUeEFEZy1WWnpFZS03ZzhoSjk2M3AxYm9vRE4tNkZUcno4M3Jaa19pRmp4NkNWTHVkVWp1eEg1YXJRc01zaTNlUlRMZw?oc=5,2026-02-04T08:00:00Z,Did Trump Jump the Gun With the US-India Trade Deal Announcement? - The Diplomat – Asia-Pacific Current Affairs Magazine. Did Trump Jump the Gun With the US-India Trade Deal Announcement? &nbsp;&nbsp; The Diplomat – Asia-Pacific Current Affairs Magazine
e8260240c1eb49fba41a,"India-US Trade Deal, Significance, Challenges, Way Forward - Vajiram & Ravi",IN,US,GoogleNews RSS IN-US,https://news.google.com/rss/articles/CBMicEFVX3lxTE5SYUtNWFFPMGphUmdIdGpUMVBfbTFzTGktZElwZGEyLWRkZVJhcHFVdjZCYk5oWDVMS3A1N21jRG9ETmJ0bkxuMmp3RG95SDFSNTFIQW1STDd3c25ua3dKaGtfQ3o5c0xLakU5SXp1RGc?oc=5,2026-02-03T08:00:00Z,"India-US Trade Deal, Significance, Challenges, Way Forward - Vajiram & Ravi. India-US Trade Deal, Significance, Challenges, Way Forward &nbsp;&nbsp; Vajiram & Ravi"
2dcc3457002ab484c4fd,India-US trade deal: America's Chamber of Commerce to review the details - The Economic Times,IN,US,GoogleNews RSS IN-US,https://news.google.com/rss/articles/CBMi5gFBVV95cUxOTjB1Q3k2QjhFS2VhRW9MQXNlOW1wZHdDSVdDcDlvMklZWjZZcWVBZVdVcUZFQnROajUta2hjeUFxOHlncFdqYTFrM0lQaEl6RlY4enpPOGdSRFRKVl9GX0ZfdUR0ZC02RG4tdHVoVnVqUWJ1VXVWaE9La3pkWHc4RXpxdDRmdXZNU3pTSlZFbXgxVnYwNjNmanhOWEhreWRKQWg0R1o1LTZxeDZmdUNyZkxRUGQycndrRzRXMHpSRFl3dVc3MEhhMHdLUkEtZXRubkQ1TlBSVzBRWGRZYi1DNzk1RHhGd9IB6wFBVV95cUxPbm9nZHdpOHJpZ1puckJPLWJfeDZuT1cydFZ0MVNoSGxaYjg5N2oxQm85Tzh4dXdiVFRxbk5fNWlldXZjR0thR0N5bmlBNjZvTkpNaW84ekRWTEU2eGhJa1RqY3dfNjBlWGFELWRyWXFBNmE4RGpQeGRfazkzX0M1c3Z0bmdMUTlsNWZaOHVnV0FpVDh6ODYzSGx5ZWIxTzlDWHBXZTdLSVl4eFhfaktkSXNLaFhtS1Iya282LTN5WUwxeVowbHdoVjJ6UjY4bjBoQndwelJUWUpWRHRLRjZjNHc3NVM1T2RQM004?oc=5,2026-02-03T08:00:00Z,India-US trade deal: America's Chamber of Commerce to review the details - The Economic Times. India-US trade deal: America's Chamber of Commerce to review the details &nbsp;&nbsp; The Economic Times
b58463982364ccb70b7b,Why is there a mixed reaction in India to the US trade deal? - Al Jazeera,IN,US,GoogleNews RSS IN-US,https://news.google.com/rss/articles/CBMiswFBVV95cUxQZzd1ejNfdkE3QVVNZ1dHbWdpM2c4aXMxVF9MS3JqNnNUdGt5cXhBSnNaMkhFUDkwU2lfZ2FfVTAwQ3ZhMmtxVHoyLUtBRWdFdHRCMExyNHppRmJmcDktTVlfcnZEbE9uemxKVko3a3dPcE4tVXp4MGd1bms2cEx3MkVaUzdfcV83Q2tLVW81VlNsZl94ZWNSY3dNLUJoaWZtVkNWLVEwWHlLLV9OWWRFejFjRdIBuAFBVV95cUxNcGk1TTdxZHhIdy1nckxBempnaW9PU2dTeVFCSHI1ZkVmemtvOU95YnZEZ2lDSTFaVTFRMnNybElaRHdoRW11dU1pSUZ4dGJybmVaRFVaUl9Cdm03ZHpwMUlabThWS0p2NnRDOGtUX09YNjRFNjVOTGtnbkZVVE52RjhOS1o1VTlUNnNDQm1qb21hODZDY1laYlpwWUJISEdvT1F1eld4aG1QTDk4OFB6MzFFalBRbDZ0?oc=5,2026-02-04T08:00:00Z,Why is there a mixed reaction in India to the US trade deal? - Al Jazeera. Why is there a mixed reaction in India to the US trade deal? &nbsp;&nbsp; Al Jazeera
730c4fcc4510ffd82964,"""Trade Deal With US New Economic Pillar"": India's Washington Envoy To NDTV - NDTV",IN,US,GoogleNews RSS IN-US,https://news.google.com/rss/articles/CBMiwgFBVV95cUxQM0hpZDZxbGtlSF9GQXNQempod1BmY2R0eWFKQWp3YmI5SmRHX2t3d29tTTIyOFhYdWdEdGg5QWlvaWd3UEhIZTJSdWY4WjVLNVB2SjdFc0thS25pQk9xdC1QcHI2clNrNjJMSHduYjN5TEQ2bkNVUG02XzZRTzNEc2pVS3RvT1F2ZjZjZFlNemlfM3JNTmh3dDVFZHV6REFhejJkOUUwZVRQbnl4VndtWktSVC1FUjFqdWlNQloxQWc1Z9IBygFBVV95cUxOdVppNEhBTlpjR2RqbU0wV1VlcGVpc1luNk5yejNUcGZMVFNHLURCYk8tWnJzbXFVM0ZyUHVCQWVmNVItZ3FsNDhESkxZNVByV0RpbGkwMGdjV1FuUGdMQTFDMXA5X2EwTmlPcWlWTGtxNUtod2RUYi1FSU5veVd0SGkzc1EyT0E2SWNPcDlhaExvWmRVSzZXQUppSkUyRkQ5cWQzS1VURGpQejZnaWZ6eXZ3amZOMDh3aTB4X1VJNkpHd2hNejBrUHhB?oc=5,2026-02-13T08:00:00Z,"""Trade Deal With US New Economic Pillar"": India's Washington Envoy To NDTV - NDTV. ""Trade Deal With US New Economic Pillar"": India's Washington Envoy To NDTV &nbsp;&nbsp; NDTV"
79e606f77b8c87c1eca7,India-US interim trade deal framework unveiled: $500 billion worth of goods purchase on cards - The Economic Times,IN,US,GoogleNews RSS IN-US,https://news.google.com/rss/articles/CBMi5AFBVV95cUxOVFVINDBvUGlwWm5obTEwQmJNeG9DZjJDZ1Y3dGdBaHR2UWJpVXJBcFlrTGZsLTl5X3pfQ1M5enVOS3daVFNxUlNVVWRUM1FIcVFZdTR2WlNac3Fvb2V3R1NfLVM0ZGJwbHVjRWpXWHNtZmhfWldqWE5ERlpFODBsQjc0VzNhZzJlWWcxci1KNHY5M0poX2RUako2UGRrQk5nRjFySmN5OWs5YktjdkxPUUVPRDRMa0J2T1VJQm13bUF4MHp5LWl2bEdkRWVITzdMdVNzOHl1UWNtUEppeFRqQ3kzbWXSAeoBQVVfeXFMTk5Bdno0blhmM05zNk5kSnJ0Q0ZKN09qX2ZIVHZQb2ZXYnd6aVk4V2R5MjVMN050MEx6ZW1YMFMxQ1pULWpKblBPWDBPRmQ4aGpyY2pWVzhkcTJHUzFhaTE5ejh1T2RuNktLVFhfdWVNYWx0VFpuWmxxTjN3aTFUNWdVdjJwbmYxREp3WjRIUEtPTEZIY3o4UmtWT2dKUU9KTldvaThUbzIxS0VUN0puMGxvZ2dnMjZhMWEzV2doeVlkRTBrUUlueXpscmFacUhIbVhtTTgzbE81TDJoVUh0WHlMek14LU80cExR?oc=5,2026-02-07T08:00:00Z,India-US interim trade deal framework unveiled: $500 billion worth of goods purchase on cards - The Economic Times. India-US interim trade deal framework unveiled: $500 billion worth of goods purchase on cards &nbsp;&nbsp; The Economic Times
f0a868d7c526ec6e5cc0,India sees more options on US trade deal after tariff ruling - The Economic Times,IN,US,GoogleNews RSS IN-US,https://news.google.com/rss/articles/CBMi2AFBVV95cUxQNndJUERic0xxaXF3cl9tU2pzU0J2bHE2WUZPN3pjdFh5cUkxRG9rU1FsV3BOS25rQnZ2c2lzNHJxYkpILW1TdWhoX2xvdVlwUGpMbkRqVmUzNjBnT0NmeS1VX2p0bFBYd2FEbDNDRENkbDEzTndHNmg3M1dOaHpmbEcyck9YRi14NE5GVHE5amtoS2g2ZGpjWUhwSVFSellZNWtWeTFxU19nTVJDV09TOWpjNS1QYTd4V01EWXNqbHMwci11LW50QTUxY3VVZnhuMHdBVDFhUWfSAd4BQVVfeXFMTTVyeDRRRzRHOUxLbGdUbkxLXzZScHQtNG5zNmh0LXdvZ3lJRHdkdEFWOWVzUFNIZ0d1SldkRWdrV05fbnJFRFd4OUdCQlVsSHRLUW5HblN4Yy1rQ0lkR1FEeFZjWTdqZ0JidWJfcVhncWhKWS1HaVItUFdISEwwY3lmZzNUNEhrSExRbDF4UkVqTEFNVVJGV09ZTzltZlpfenR4Z1FNQUZYZm03d3JHZ2lFak5xYXBVeWEyUjFrdm50TEhIVVd4RzN3S0hiQ2QtQk4xMHNsaWhmZk1WbXdn?oc=5,2026-02-23T08:00:00Z,India sees more options on US trade deal after tariff ruling - The Economic Times. India sees more options on US trade deal after tariff ruling &nbsp;&nbsp; The Economic Times
8d4fec632a9e71a56e9e,India-US to begin 3 day negotiations to finalise interim trade pact - The Economic Times,IN,US,GoogleNews RSS IN-US,https://news.google.com/rss/articles/CBMi6AFBVV95cUxOV3VaZWZKdnowbE5sYUpUejZkZmd2cGVFRGdGT1hFaUloc0RlR19FaXdTUWVDam1YMmRFbFI1aDR1OXQ1N3dOd2xQcGNBSFY0a1V2clZCVGpCWXAxZHl2dnIxampOODk3cXdtMVNwcHpmQzJJWDU3N21id0l1SkdFb1hlZ05xaDlNR0x3b0hvVTBNb3ZnZG80SzVwX3pCZ3RjTTlZS1RzNVdFZi1wNGwtSklqX0lVejQzVERMdjcxVkJjU2loellQRE8xRUtkdUlYX2hmaHZVWVZVWjljWXVSYkRuSHJ2MVhZ0gHuAUFVX3lxTE1yXzVibFNSN05CTF9VV1hqYTZWYzBrazR3NkhMRzlhdEdoVld5U2pGZWEtZWhjc3l4MUhkOGVjSGJGTWRiSTF0SkhRWWFGQzVOa1FleVVOYnlSU3J0NTZSTG5qY19jOWxaOHV0dWFuemdCV2lYYzFNdmRLMFQxbWZoZ0M3SWd2TUhhWng2T2tWUExDblhyWFhFeExQSGpvVFE5VXVfcGNxTmNvOFpNMVhGc0dveG5nQXlkaEhsd1VNeDBkelh5cElhZV9pSnZ0UFk3VVhCclNUR2xRV2JqeGM3NWd0Rk0ydFB1bzRnMkE?oc=5,2026-02-20T08:00:00Z,India-US to begin 3 day negotiations to finalise interim trade pact - The Economic Times. India-US to begin 3 day negotiations to finalise interim trade pact &nbsp;&nbsp; The Economic Times
61d39667c51db1f54882,US-India trade deal is almost at finish line: US Deputy Secretary of State Landau - The Economic Times,IN,US,GoogleNews RSS IN-US,https://news.google.com/rss/articles/CBMi8wFBVV95cUxOWmVqWm9XWHVjYmZXZ2pyUURRclR6aWVwcTQwYk5FaE9VRjhLMXdKY0hCSl9hZG1ZcE5QS1kwY09ua2JJNVN0d2pRakZadGFKMUdhU1RZY2FzMnF5TG9KSHo3T2tGRW1iWGl1ekc2a2FOWFd2MF96MmlJOG5acXpRaFBTZVVmZGhGRk84Ni1tQjBZcmlzN1dBMWtDRUdDMkR0TjdWQm9RNDQ1WkxLYnNKMDFHcVlieGxEVHJJRi01ekptSEg2RmFYQ3dtQ3k5TU55bnRqQVZnTDZpM0I2Y29HNlBtVFRJQXAzcWhmSFVpTnBBeGPSAfgBQVVfeXFMT3Y3Zm9PR3BZa0JZd0FzakpUcWtOODJSbnFaUDhGalVZWnF6OGlsNnFtY3JrUTZMWXg1ekxGUk5HVkFKVkM3TElFaFRSN2ZXckFwTlhWRV94LXl4bjY2NDU4clV3eGdCZjFDX3lCZFZpVzBQSmZJRTZ4a1pEZ1FDMFZNMnNyYnpqcjFNc2FHVHEtNV9NR2kydHhLelpLS0lUaFdPQU1UY2puYXU3SnAtZ3ZwM2x6eGtqMXJMZC1yeEpGdF9pbGhZSmJsWnlhdDJweFhiWV96YWJCbVRFREJ6c3kxUjBiSFA5V0EtcnUtSTlBWHlnSjVGdnY?oc=5,2026-03-05T08:00:00Z,US-India trade deal is almost at finish line: US Deputy Secretary of State Landau - The Economic Times. US-India trade deal is almost at finish line: US Deputy Secretary of State Landau &nbsp;&nbsp; The Economic Times
f45d4996488e04567acd,US Section 301 Investigations Target India and 15 other Economies Amid Trade Deal Uncertainty - TheWire.in,IN,US,GoogleNews RSS IN-US,https://news.google.com/rss/articles/CBMiywFBVV95cUxPMk45NFp4WDVCcmdlOG4xbnJCVjdPZHpId3N6NTl1S0NOcEFSV2FlTkJYdU5WRnJveUlFSEtTUDMydVJVTmlPMzRJNjJDUEdvMkNWaGRmRTE3cnZfdUcybVd2c0dPS2h4LUpXNnRpSEhncWEzSDgzMVRQTlkzZUhYRS1JaVZHcURGaEtLTUVBNmh5V3B1dTZ6MUpja2xjYjBkTHJyMVpuZy1zSDQyMldaMUUtN1hHenhjbk1lMTgtOENveDBIa0Z0UEZ0UdIB0AFBVV95cUxQN2c3dzNoaUxya3ZMMGdKMHhPcHJaRElfYU1pRXBGR0NPWURiUUtoWTZvYWRZSUJjcXAtck00UGFvYmJra0l6bWFNdDBNdmRfSmFqWEJWOXZGOGN0RUpGbkI1bXhNMFJWVXB1OXhiUDFTRjJRZWFHbHlZQU5SWjhVdlNPYjhPZ09fN0NVTWNBamNVd0ZDM3lYZ2NzY0hmU2x4d0NHeEh1T1NKUm04S3U1LVFDdmJDeDVUMGp3MTBETllyZ1NXSTFYd0gyNFJORUhJ?oc=5,2026-03-11T07:00:00Z,US Section 301 Investigations Target India and 15 other Economies Amid Trade Deal Uncertainty - TheWire.in. US Section 301 Investigations Target India and 15 other Economies Amid Trade Deal Uncertainty &nbsp;&nbsp; TheWire.in
52de08498fa50fd2be5c,"‘Definitely a Sham’: As Tariffs Climb, Trade Fraud and Accounting Tricks Proliferate - The New York Times",CN,US,GoogleNews RSS CN-US,https://news.google.com/rss/articles/CBMihAFBVV95cUxQR0Rma2lmZDAtNXl6b0trbEhhZUFldkk5VDFLemRHZWpxVllqUWRwZEdTakM3R0pfWmo1NDJmT3JZM0Q3a2t2LVpVd1Q1cFRvMk5qbWN2ODg2X003R1dvdm00ZWJIR1BhdDUzdzVBU0NzcEhsNWZrZWRJVlNjQnE3RE1iVHk?oc=5,2026-04-09T05:24:30Z,"‘Definitely a Sham’: As Tariffs Climb, Trade Fraud and Accounting Tricks Proliferate - The New York Times. ‘Definitely a Sham’: As Tariffs Climb, Trade Fraud and Accounting Tricks Proliferate &nbsp;&nbsp; The New York Times"
a37642d52ab7737a6029,US-China Tariff Rates - What Are They Now? - China Briefing,CN,US,GoogleNews RSS CN-US,https://news.google.com/rss/articles/CBMicEFVX3lxTFA3STlnT1E2aUIyX2JpeEFudzFKY290X0lPMU9lUDBwMTRXQ18yOVk0d1pYckszbGJ3MDVkakVBNHFFdW94N25jcUM3SHZRNnJBbHdkUWF4Q3BMQWFOb2s3dVpFaEgwSzd4MzhTYnlWRmI?oc=5,2026-03-27T07:00:00Z,US-China Tariff Rates - What Are They Now? - China Briefing. US-China Tariff Rates - What Are They Now? &nbsp;&nbsp; China Briefing
e311d993c932035cf9cd,Coercive U.S. trade policy and Brazil’s strategic pivot - GIS Reports,CN,US,GoogleNews RSS CN-US,https://news.google.com/rss/articles/CBMiX0FVX3lxTFB6d3gwUlg5aGRkZmRJRDJlNlJEcFh2NVNJU2ZrUjdldGNNRFdsUDFxZUkzUGF3Y1JCdDA4a0duOTJ3YkphTktvZkh1bjk2VTVOa3lfWlZkRlA3YlRSM1pn?oc=5,2026-04-09T06:00:00Z,Coercive U.S. trade policy and Brazil’s strategic pivot - GIS Reports. Coercive U.S. trade policy and Brazil’s strategic pivot &nbsp;&nbsp; GIS Reports
2c3f643b49707a8cbf4c,Trump Tariffs After Supreme Court Ruling: What’s Still in Effect and Who Could Get Tariff Refunds - Kiplinger,CN,US,GoogleNews RSS CN-US,https://news.google.com/rss/articles/CBMidEFVX3lxTE11MlRIRy14NjZqQW11Rk5STTAtZTdOQVc3YUpvdVA0RlNWRHVXOE1UMzMzcXNnVzYxYjhWZmF3bUVGV2FaYjZrUURTX2lFSU9ydktGTHpLdy1VeEtoeGhBOVhMN1pOaHJrVm1kUGszalNoT3Vn?oc=5,2026-04-08T16:57:44Z,Trump Tariffs After Supreme Court Ruling: What’s Still in Effect and Who Could Get Tariff Refunds - Kiplinger. Trump Tariffs After Supreme Court Ruling: What’s Still in Effect and Who Could Get Tariff Refunds &nbsp;&nbsp; Kiplinger
ebef41d9329c34840c99,Why U.S.-China Decoupling Isn’t Happening - China-US Focus,CN,US,GoogleNews RSS CN-US,https://news.google.com/rss/articles/CBMiiwFBVV95cUxOUFZqR1Zta2cwamlwSF9HTHJSNlVlcWRhVGdkdlhBazlwSkhHa2RjNnJsVGRtR05QZjdrcm1LMUdYUThISHlDcWlEM0hpV3VtR09zRGRaZmJ1NzJ0T2pfSnVWbVBJYmU5bHN2aHIza2FMUEhFTG52dWkxajFkclQwMkI2MDJZNEx4aTBR?oc=5,2026-04-10T09:16:06Z,Why U.S.-China Decoupling Isn’t Happening - China-US Focus. Why U.S.-China Decoupling Isn’t Happening &nbsp;&nbsp; China-US Focus
cf35526845982169deec,Trump threatens 50% tariffs on countries that supply Iran with weapons - Al Jazeera,CN,US,GoogleNews RSS CN-US,https://news.google.com/rss/articles/CBMisgFBVV95cUxPOEdpaWR3eTFXcHFFUm5fd1hWYy1IcFRYamNZRWp2V1k2c29JZjdLWjRjcGxUVUZmR2dhdkZFWGd6ZUtCQm93cDF5eDZvbVF2ZDAzTGxnME5sLS1ESnRMNXBkeVVNMGhoeTZGMjVqcHdJTTlOZkQtQTluY3FRX0ViY3ZhMmN6S0stQTlmc3JsSVJxZWNnRHNUeFpPemVBeVd3OGlIQmdMYTR6amtkR3U3X2pR0gG3AUFVX3lxTE9uY1hxODcxYkdYMVk3ZXhYY1MzcGVvelBKNVNvOVdnS1BYak5adU4xc2lCbmowdlJYbmEyUmJvYkZSUXZYLU1DTWdSaUo5cGpFUFN4TTJxMGNOSGJQNFpZVXNEX1ItRnFoYjlQN2hlVEJEQU9DdzNMYzgzb1JGLWpWOEpFcHJtQndCNXJacVNhZXdNWVpJTXZ6N0VxdHMzQ2lITmQ1VW5FTHQ1T2E2Q0ZmWTQ0UDNSSQ?oc=5,2026-04-08T21:30:24Z,Trump threatens 50% tariffs on countries that supply Iran with weapons - Al Jazeera. Trump threatens 50% tariffs on countries that supply Iran with weapons &nbsp;&nbsp; Al Jazeera
c51c570a862cad9bb062,A Great Wall Around China - Commonplace | Substack,CN,US,GoogleNews RSS CN-US,https://news.google.com/rss/articles/CBMiZkFVX3lxTFBRZjlVOERfZU1DVXBUbWowUzVMbG9ZYmhLdGVIMjROOWZMb1F6R0F3eHdjV19BSUhYMWdMVk5IZVhDNVFCcklWX2J2UVc4WVNaa0g3d2RFT0NsVVFlWnJmNEQ1bUctUQ?oc=5,2026-04-09T20:26:09Z,A Great Wall Around China - Commonplace | Substack. A Great Wall Around China &nbsp;&nbsp; Commonplace | Substack
4034edf273a528edbfff,Trump threatens 50% tariffs on countries supplying Iran with weapons - Reuters,CN,US,GoogleNews RSS CN-US,https://news.google.com/rss/articles/CBMipwFBVV95cUxNdkFERl9sVHBjNm82NjU1TDJ6TmJEQmtvd1RQc3kwMjBZY1hyZkxuckV1ZG5KTE9Fb01JMDhQOUNRQ0ZUOXlkZG9aUnNieDktWHJZM0dMaFB4UzVLVnZ3T1pseVZ5N1pTLUVYZFpDZkc3UW5Pd2U1V0ZIc3paa0h6YTZYNnp2T1o2akhlVW9MbGw0c2lmQ1Jjc1FDeXQwakFZcVdBQkdrdw?oc=5,2026-04-09T17:48:05Z,Trump threatens 50% tariffs on countries supplying Iran with weapons - Reuters. Trump threatens 50% tariffs on countries supplying Iran with weapons &nbsp;&nbsp; Reuters
92682d31640b3e5286a2,Trump’s tariff threat on European cars escalates global trade tensions - South China Morning Post,CN,US,GoogleNews RSS CN-US,https://news.google.com/rss/articles/CBMi0AFBVV95cUxPekpGLVJSMEp0Qy16bnhTNEJoNXdTNF82b2dGS0tlUUhjTkZYRXlaNEhvdFFRVmRYeldVQ2lSOEQ3V1Q1d2d0MGhJeHFzUGNnZnBkSW1YeHVSWTZqM3lNS24ySkg0eVJobS0yc1J0S2hxRU5tMlY1X2x4aDFYbDBUSU5hLTJIUlJCYnM1bXlpSi1hdXZVdHp5V3JSLVVySDFDVE5XN0ZiZUxxOWttYng4dHEteWNWQnhubWNSVTVNNUtfUjl6ek03TWlYdjRPNUhH0gHQAUFVX3lxTE15T1Brd1hKU2xiTVh0MkpoSktWWXg2Vno2N0h6OExXTVgyT2pMUHQzWTdheTF5c0MtSWZXbWRRMG5kUnRSM1ctc1l5VG1JYVIwUzlqSGhDcUdhUzBjRThRaHRBbG9KeHJyZ3FvSnhudFZFam56YkZvN2xtT3ZJc0VCUU12NlgxUURXdTdmWncwb0xpeGVteGxpTzNPRWhQMU82SExVeV9EZzg4YzlkdlJEaHpnamtGdzYxNEZ5elVvVS1FdExWZXpyd1hJZmIwLUM?oc=5,2026-04-09T17:44:44Z,Trump’s tariff threat on European cars escalates global trade tensions - South China Morning Post. Trump’s tariff threat on European cars escalates global trade tensions &nbsp;&nbsp; South China Morning Post
a1f35628d0ff2d0a56a6,Trump says U.S. will apply 50% tariff on countries supplying weapons to Iran - The Globe and Mail,CN,US,GoogleNews RSS CN-US,https://news.google.com/rss/articles/CBMisgFBVV95cUxPQmIzUFUwLVRzaHVFSEowNFdGQ0ZfbmI0WnRPeG1sb2JRMDVxaFVKVkJqRUp0cEtZT3lGemczaEVtZ3J0Mi01MVdRVEhXeG5zUnBxV2Riek9oZ0JjX0ZWeThSUGZJd05ELVkxakxlVWo4d3FiWFFONjBqUjVSX2Vub09mZlFfUk5JZmRVaHpFcEgxajl3UEhORUZfVjhMZ0swU2o2ajk3QzBnV0FXZnFRY3RB?oc=5,2026-04-08T16:20:43Z,Trump says U.S. will apply 50% tariff on countries supplying weapons to Iran - The Globe and Mail. Trump says U.S. will apply 50% tariff on countries supplying weapons to Iran &nbsp;&nbsp; The Globe and Mail
42abf661af47a8222dc3,"The US tariff shock in 2025 vs 2026 – same negative impact, different drivers - ING THINK economic and financial analysis | ING THINK",CN,US,GoogleNews RSS CN-US,https://news.google.com/rss/articles/CBMiqwFBVV95cUxPSkF1V3pxRkJObXRoTm45RjZHZlNQQ1hONl9uTkYtRE96OVFwclFXOG9INXpFNVpuN0tTZnRCS0l4eUg1OTQwQU9iQlVkd1JOcEgtX1h0bGhwZHlmcUw5U2JId3JsS3lYQ0E5Yzc0SVFaQlVRUFFDZGtoLUZBVVYxdFBqREFfWm1DRGVrSEFxeVZ0bm5zX3d2clJqV0s4alM2Vkk1a1luZG5Pdjg?oc=5,2026-04-08T15:24:43Z,"The US tariff shock in 2025 vs 2026 – same negative impact, different drivers - ING THINK economic and financial analysis | ING THINK. The US tariff shock in 2025 vs 2026 – same negative impact, different drivers &nbsp;&nbsp; ING THINK economic and financial analysis | ING THINK"
0aca64e826deeb3d6f6d,One year of tariff shocks in Canada: What we learned - rbc.com,CN,US,GoogleNews RSS CN-US,https://news.google.com/rss/articles/CBMiygFBVV95cUxPNmJhLWlpd2N3WEdZRWhLREhQQTU3UGFmd2lBdHlKYUVvSExmWlVWLXZacEFsd0p0ZENNcEc3Tmw0UkVTdFA5X0ctY1pURVRMWGl1RXRYbUN2QlQyQTMzbndFRENSZ0hJS3ZfQXpUUVRTbVd6U0FHNkFjV3RMMXA1S0g1X1hYRE1tS2VRVzFsYkEzNGtsd1R0cWIzUXdQazlzSGM4aUgxSGlMQjRTS1UtNWJKODJVT2ttenc0SEhNOGVfaFVhbWZscG5R?oc=5,2026-04-08T13:42:54Z,One year of tariff shocks in Canada: What we learned - rbc.com. One year of tariff shocks in Canada: What we learned &nbsp;&nbsp; rbc.com
baf69372d0a00577f161,"One year on, is the Canadian economy managing the shock of US tariffs? - mpamag.com",CN,US,GoogleNews RSS CN-US,https://news.google.com/rss/articles/CBMitAFBVV95cUxQTy00aF9KUVctLXZXOW10RTJSLUszbVVJVjVWalF4OS05NGJ3a19CSHI4MFVZREU0aG5MOTk5SkFlUWdsQ0pCRmxqSE1NMkZaRWJoRVFhM09fRHJUOGdBUGk4OTA0azlVRG5rVEcyaVFtdXRsbndMdm9MWnBwY0dpR09MSEdtLWhGRUZxeFBpTGJNb3lwc08wdG1sdmQwWVlpQmZUZlhieExiMlZwaGVXdXRkMlo?oc=5,2026-04-09T11:32:16Z,"One year on, is the Canadian economy managing the shock of US tariffs? - mpamag.com. One year on, is the Canadian economy managing the shock of US tariffs? &nbsp;&nbsp; mpamag.com"
44fa95d744cf9caad24e,US trade court weighs legality of Trump 10% global tariff - The Economic Times,CN,US,GoogleNews RSS CN-US,https://news.google.com/rss/articles/CBMi1wFBVV95cUxNc0FObEw1SXp3SEZIcGVia0JCczZKclZPSlB1b2g1aGhmOWt0bVJELUNUaHJEVUg5M1N3cWhGdk1kQXBCc3dHUkdHNms4ZDN1ZWZIemoyUl9hQmJHeG9JcU0wNW9IZHUyZjQ4alFHa1RJOWlYdi1NY0RITlUtMTJPMmFyZ25NbjBZMGFxcENudDdMTGFxOWF1T3l4Nkdadjh6VmpucXBzb1VxRjZsSE1CcTk5TnhRZGxQM3hIVEdtaVVnWXJCSjk3V0QzcHpPV1NnSjNWMkd5QdIB3AFBVV95cUxOdFRPZkFMekltdVkxUHZpcXF2dGpSQzB0enhpVjZlcmlkeHFBSEdkUTNhdmxFVTFBTm5NNi0td294eGcxdHJpNllOOTNpSWJDeGxfMHJYN1VMNno3dXlMVzk2YzJZdUJ4ay1nLUhKaTAwVUhvUlRQSl85dkh3S1ZrVnFfTjl0RFBScFIzbkt2OTlUSTV5aEJKRUtWcjhleEdSNnRiVVFRZEpYaDBLaW8yWFZVVTUzTFY2OHFRUHFPdjNnYzBsSTM4NjZrWEJtU290QnVUY0FnZU84ZGk5?oc=5,2026-04-10T10:23:22Z,US trade court weighs legality of Trump 10% global tariff - The Economic Times. US trade court weighs legality of Trump 10% global tariff &nbsp;&nbsp; The Economic Times
0e51d1f8d49dad1690f6,US trade court challenges Trump’s basis for 10% global tariffs - The Business Times,CN,US,GoogleNews RSS CN-US,https://news.google.com/rss/articles/CBMipgFBVV95cUxQaWhzY3Z0RnRsdTRjVlJuRThBTmo2bGkwaDU5ODJfQThsckNmenhpdGV1RFdjc1ByU0tYZEZSQS1mMjlFSGJDaFJRY3VHZTlOUnVqNjVuSVR1cUpyaWhTSzEzSDZkS1RaRHhqdkRhSFRNeUQyeVlpelRZVGg3Zjg2d3hRd09oWlh3YzNJc0RqS1RVTE14ZHFJVXQxU1FqTzdWQ2Nnb053?oc=5,2026-04-11T02:20:00Z,US trade court challenges Trump’s basis for 10% global tariffs - The Business Times. US trade court challenges Trump’s basis for 10% global tariffs &nbsp;&nbsp; The Business Times
51ff28ab13f33752efb5,The Supreme Court’s Tariff Decision Could Affect U.S.-China Negotiations - Council on Foreign Relations,CN,US,GoogleNews RSS CN-US,https://news.google.com/rss/articles/CBMiqAFBVV95cUxPOVBHZzlnWWpycEVRZkliM2VEaFRZbFZQX1Z4bHlPNGtIZUNNSktmMWFOZEpVVXFiMzRNNVNBeUVKZl9DQ3ZIM3hIOVdxME1VMEVPZURBamR0U2lycWQ4b3dZZ1dpRVV1WmlrTnVzRTFLVHc0MnpiNmE3S1lKbHhMV1B2ZEI3OWp3Z1U2RDc5a09Ld2Q3RXZGMWszbzRVYzR1MVZkeFdjU3A?oc=5,2026-02-23T08:00:00Z,The Supreme Court’s Tariff Decision Could Affect U.S.-China Negotiations - Council on Foreign Relations. The Supreme Court’s Tariff Decision Could Affect U.S.-China Negotiations &nbsp;&nbsp; Council on Foreign Relations
de94d8bacc95ea834b1b,From tariffs to trade flows: Diversion effects and China’s exports to the EU - CEPR,CN,US,GoogleNews RSS CN-US,https://news.google.com/rss/articles/CBMilAFBVV95cUxNY05nb0R3UjVQT3VFYXpJV3phV2hxZ2tEN1ZWNkx1d2x4aWx0c2dPa3ozRXVqZUtYMWotTzB4X3p6S2h6cnNQZzE2WVkyRzFQaFJzVTFtWThCcEFmcUpuTDkwX3AxWTlzZTNxNXViY2sxTVh5U2RtRWJuRXhfZHRuMXJTaUFlUXpmOXJwcEg5UksxMHhW?oc=5,2026-02-27T08:00:00Z,From tariffs to trade flows: Diversion effects and China’s exports to the EU - CEPR. From tariffs to trade flows: Diversion effects and China’s exports to the EU &nbsp;&nbsp; CEPR
c88ac5da83144ccb8503,Ruling against Trump’s tariffs creates new uncertainty in US trade relations with China - AP News,CN,US,GoogleNews RSS CN-US,https://news.google.com/rss/articles/CBMioAFBVV95cUxNdWk4OHUxeUxNdkJQZlc1V2VPZjVQMUh2aWJ2Zi1DMmVYV0pSYUVZejRST3NzbEdPUjc3NTlhdllSS1dwOXJiT3prYlItRGlKbUhsNW9jdkhWN0RyUmFUVE1fV1FkZVVvTW05bzlSLU9kMEVwbXpEcW1qSXpLTUtqRFBpaHpJR1MxXzZ4YWFZUjAwMXZNUGNyWHJlSnhnOGFl?oc=5,2026-02-21T08:00:00Z,Ruling against Trump’s tariffs creates new uncertainty in US trade relations with China - AP News. Ruling against Trump’s tariffs creates new uncertainty in US trade relations with China &nbsp;&nbsp; AP News
f3fc9399e881f7916988,The Unrepentant Tariff Tool Has No Place in China-U.S. Trade Relations - China-US Focus,CN,US,GoogleNews RSS CN-US,https://news.google.com/rss/articles/CBMiswFBVV95cUxOeUo5RC1oYWtSbzM1WGctUVdSTUpFejA3UHZtbnJNaGFBT2V6SXVrblU5UWtBSGlZdXdXRllDaTlHY19GcVNoQ3BXaFVkVXA0N2JpUDNfUFlYZUpfUWVBRHNVYjBkNnBIY2pva3RMZnpBY3NoYTZwRU5ybzQ0elo2dmhwUHNFTVdkdW9BbFlDX3VKRnRURmR0aWVqcmNVSWZLRktJX0YwZEhLN3M3cWdfdndOQQ?oc=5,2026-03-10T07:00:00Z,The Unrepentant Tariff Tool Has No Place in China-U.S. Trade Relations - China-US Focus. The Unrepentant Tariff Tool Has No Place in China-U.S. Trade Relations &nbsp;&nbsp; China-US Focus
18f586cbb40cdd3e2d56,"What are tariffs, how do they work and why is Trump using them? - BBC",CN,US,GoogleNews RSS CN-US,https://news.google.com/rss/articles/CBMiWkFVX3lxTFBweHdveUp5S2F0aGJwSEs2U2lOMkF6NzRNZTd3bEJUdTQwVjhRX0pjZmFzZ25hRzk4MHE0WW9KVkEtUjIxRUNWbXRzX3pmd1A5UWhyaE5Ja1ZWdw?oc=5,2026-02-24T08:00:00Z,"What are tariffs, how do they work and why is Trump using them? - BBC. What are tariffs, how do they work and why is Trump using them? &nbsp;&nbsp; BBC"
a2f4e9de67f1a7cae94a,Trump's trade war wreaked little havoc on trade patterns last year - Peterson Institute for International Economics,CN,US,GoogleNews RSS CN-US,https://news.google.com/rss/articles/CBMiswFBVV95cUxNV0VsQ0ZEbTBrRGJ4SVQtb0Y0c05oMDJaeW1OZVF4ckp2UWpPdlFYU0RfcFAyVHQ2WUpKYkNoaC1CaXo4REMzdHpjR1FkZm02dHVoTkhWbG0tZTVlTWx4MzZqUDk5cWJ4dHZlVFVzelFiVmtSZ0tiQ255MFgzeU5QckcxRlNLUXo5SF80SC0zVjdtNTRGZExfTlQ0NEdFRFE0ODE3N3FZc2lWVnEyWE9wTTRDOA?oc=5,2026-02-02T08:00:00Z,Trump's trade war wreaked little havoc on trade patterns last year - Peterson Institute for International Economics. Trump's trade war wreaked little havoc on trade patterns last year &nbsp;&nbsp; Peterson Institute for International Economics
745ee479378a3d4ab646,Trump tariff chaos: What does 15% levy mean for trade deals the US signed? - Al Jazeera,CN,US,GoogleNews RSS CN-US,https://news.google.com/rss/articles/CBMisgFBVV95cUxOZGdYT25BeHZZTXV2T3N0QW9lS2x4WXhzX0lpV3Jja3ktSzF4Wno3aWpUZFQzTzd1VmF5clI1WGthUDdzVkdpR2E4RzAyM3g2N1ktSzlKMjRHa3Q4dURRc0dGSVVudi1xSVhrRlJnWWpoT1hUQjQzVVJCOXdXOEktVm5aQUxUV2hDZElZTGlxdWZSUGlrT29ZeWx0MjhDcTVIVW0yRkJOWS12SEZBamd0OUhn0gG3AUFVX3lxTFBvZnN5TDhXUDdScTVCWnNGR1NaMkZCZWZSVkpuck5BaTM0N0tvZVktZFd6c2hmYkpWc2NqZTVOUFdaVXdLMTVvZWRkLWhZMTR6ZWJSMlpsOEFEVkZoU1FzYi1fZ1g3bTJsOUQyelZRa040R3pRUllRUXVpRlN2NEQtYWRkaTFkYlctcmFic0h5SDQ4R2dNT3NVdXZQUWRFUXpseHMtOVlyS3FNWkdPU1hsd0xoWTY2NA?oc=5,2026-02-22T08:00:00Z,Trump tariff chaos: What does 15% levy mean for trade deals the US signed? - Al Jazeera. Trump tariff chaos: What does 15% levy mean for trade deals the US signed? &nbsp;&nbsp; Al Jazeera
3b87a78a8f1a94a531fe,"Facing high Trump tariffs, Africa's leading economy says it's close to a new trade deal with China - PBS",CN,US,GoogleNews RSS CN-US,https://news.google.com/rss/articles/CBMiygFBVV95cUxOcVRMVEFKRmw4YjJxcGN6SU5aWDZ6WmM2TFAwOHpKVDBzLXZDY0E1blA1LUQ2ME82VVJqbEx4ZEt0T3RTTTVTR2tWUDZES2NlM0EyNk9xMm9XZ0R1NTZKY2dOcVZGd2lKY1h2dG1iZzlveW1YY2VrWTlIU2ExeGF2cjFSd1NtVDJQSzAyb0VmU2dRRWtsSHdPQkp6SjdkUW56ek9FVVJDbU5sY0dfQmtrNXljb3lDMUZ0X3hOam12cllXa1dBWjEzalhB0gHPAUFVX3lxTE9wbGpBbVd6RGdzWmpZVU8wdkplYjd1QzE5QzdGWnZhNmlHY3R5ZlVGUHp6b2pOVlNqLWtOUy1qenNpSnU3dWhjX2hhUy02U0hKaG8wek1IVkRnWHFwczN6WnhfbVcyQVhHNFFwTjg2U2xEVjlsYnFKVW5DR2pEYmRaQ2hKVjQ4NFBfc2FSOTlFUXdHUDBzWW1IcW5uZFA5MWNYVDlaLVFXb1JPdnlOVzVQMVd6ai14UFF0MTJkQ013QWNpVVBWeWpBazRMMWxfQQ?oc=5,2026-02-06T08:00:00Z,"Facing high Trump tariffs, Africa's leading economy says it's close to a new trade deal with China - PBS. Facing high Trump tariffs, Africa's leading economy says it's close to a new trade deal with China &nbsp;&nbsp; PBS"
0c79a3290e4b67984cce,Trump tariffs: What's next for Asia's economies? - BBC,CN,US,GoogleNews RSS CN-US,https://news.google.com/rss/articles/CBMiWkFVX3lxTE9jbk5TMWxLNTc0RnlFWEM2RlQxSWtjNTU2bXhaU05kZ2VjQ21oQXBHTHlVWFI0d0ZaY0MxcGJYT3Rra1o0bkt3aTA2QmJQUlZYMUktbVJmSm5fZw?oc=5,2026-02-22T08:00:00Z,Trump tariffs: What's next for Asia's economies? - BBC. Trump tariffs: What's next for Asia's economies? &nbsp;&nbsp; BBC
7b09df9f23858baa19e4,Trump threatens Canada with 100% tariffs over its new China trade deal - PBS,CN,US,GoogleNews RSS CN-US,https://news.google.com/rss/articles/CBMipwFBVV95cUxNUldKWURwUEN3VU8xczdpQ1cya2pGcVFLQVE2TE84am9tX1NYWkhIc2swY1RvOW41SHQtZmVvZVVyTWU2YVdjMWJJR3BmZE9sVkF0RzhyMWx3QW1SY0ItZGlFajJOSnlzT2F5dFVvWFdZZXNpWjlqeGdsQ1dERGM0aWdFRXZNMmpqcjZoZFh3dEN0NV80cy1qVlhoWWRZNldZSEt6Skgxd9IBrAFBVV95cUxPOXV1cVVRTHhLd3NRQ1NiUEtsb1JvV3FKbTgtVjBfUUEydXJZbU9wckxxc1ZkTzFyQ19vRG5MSEs5TGJscHAyWTRHdFp2U1NrVVpQODJhV3E1c2txR1M3Z3E2SndtNndRaGwwOFRrRDIxN0oyZ2x0bk5iemprZWdKbERLQmZVNldpTldFclAtR0l1VHlsU21NbUZZLVVMMTIxc0w3N2hSQkMwOVJC?oc=5,2026-01-24T08:00:00Z,Trump threatens Canada with 100% tariffs over its new China trade deal - PBS. Trump threatens Canada with 100% tariffs over its new China trade deal &nbsp;&nbsp; PBS
d4d8d2340583f4009091,US to keep China tariffs steady ahead of key Trump-Xi meeting: Greer - South China Morning Post,CN,US,GoogleNews RSS CN-US,https://news.google.com/rss/articles/CBMiwwFBVV95cUxPZmdyYUdlSnNoal9oZFRRemRfRDdSWTNOdVZ2OVlWdnliM2VoaDNTbWRVTVJpTVUtMV9rN294eC0tR0p4cG5pTHhKQ3U5R2Y5TWpEQWRJNVZnN2NVMzRlS3dsNExUWVYyRlVPTTkzc3J2SVp2SUo5NndPb3RnaF9SVV9rdVpITzhDMU9GT0dCeDg2Ym5TYnBwZjRwb3pwQnNrQU5sMnd2XzRXTGs0ZV9UVk9CaFFoX0FUNXRpYlM0Z3Q1QVXSAcMBQVVfeXFMTzNYSDRSNnpMSkNOdUMydHhBb18xYkpLZ0N6MnRHdFJENVFJMTlSaFpjN0U4LS00cUo1NkNWMkw2MGhiXzBTcDhvNFVUS2FSQ0Rzc29uSUp2RnVPdjBqemdyeXlqZlMtdU85aG5aRXJPRDl2aGNqMnNYU3lEb0UyZi14ZXlSZk1oTmNFUko3b2xFTmF4WkNGSzhNbW9ZZ2lVNHliSkM4RFFiRUMwa3FvVjE4S1VMVlFTcnNnS1hvbXFXeHdJ?oc=5,2026-02-26T08:00:00Z,US to keep China tariffs steady ahead of key Trump-Xi meeting: Greer - South China Morning Post. US to keep China tariffs steady ahead of key Trump-Xi meeting: Greer &nbsp;&nbsp; South China Morning Post
4239741bb95b705f3087,"Trump, Tariffs, and the Rewiring of the American Empire - Time Magazine",CN,US,GoogleNews RSS CN-US,https://news.google.com/rss/articles/CBMieEFVX3lxTE9IQ3lPRVhWZW0wSkNfaFZmZXZYNkdNUlNraW1OcnR5MGxoUmhHYkVGbUdXYjAtMUdyWWFZb1QyRWRGanM4d3k1eVExUDNfZXNzd1kyTnZnWTdmNjVNYk14YkVJOUlwTjZlZDc3RnBmdUdMT3pHM2p1RA?oc=5,2026-01-15T08:00:00Z,"Trump, Tariffs, and the Rewiring of the American Empire - Time Magazine. Trump, Tariffs, and the Rewiring of the American Empire &nbsp;&nbsp; Time Magazine"
55ce7f4e7f33c307abb6,China threatens to retaliate over Trump’s 25% tariff on countries trading with Iran - The Guardian,CN,US,GoogleNews RSS CN-US,https://news.google.com/rss/articles/CBMidEFVX3lxTE84N0VVeXFkOThhb1ZZVm5URm10b0VFMzIyeFl5S3RSYVFRTTVPb0dVcGZnQmtOUjllcXZVRjhVNHFkZHJ6dzc1WHRobzVBX05ZWTRhUVR3b09zUVpFSEczSkJpS29vWlVCRlF4Mzk2NHI3c1At?oc=5,2026-01-12T08:00:00Z,China threatens to retaliate over Trump’s 25% tariff on countries trading with Iran - The Guardian. China threatens to retaliate over Trump’s 25% tariff on countries trading with Iran &nbsp;&nbsp; The Guardian
a9903cbca707c9988f52,What Are Tariffs? - Council on Foreign Relations,CN,US,GoogleNews RSS CN-US,https://news.google.com/rss/articles/CBMiX0FVX3lxTE1hSlFDVWNOb05QZTJYTDhlbFFoV1RNdkxLUFdTdGktSkF4YUZ0UFA4NlU4eFAwN1phRnNJSUg3RkRQb1FnMXlTRGlOdUhQSm00by1ZOG9hVnViMjg3dEVF?oc=5,2026-01-12T11:52:50Z,What Are Tariffs? - Council on Foreign Relations. What Are Tariffs? &nbsp;&nbsp; Council on Foreign Relations
532577a21bef55d21731,Trump launches the next phase of his trade war with new investigations of key partners - NBC News,CN,US,GoogleNews RSS CN-US,https://news.google.com/rss/articles/CBMihgFBVV95cUxOTmE1R0Q2WmpXN3B6NkI1QUpDNjQ2RGY5M0NZakE5eERRMFJjUzhZVml2U1hSdUNWbno4VUx0QTBhNlk5LVU3Zm1FTGpyTzBLWWFQOFFlUUw3alV0NXhFNTM4dUpDOHRwYnhNSnV4TnhYWWF3NUZXdG5KRjdHaGF0bWZucDVSUQ?oc=5,2026-03-11T07:00:00Z,Trump launches the next phase of his trade war with new investigations of key partners - NBC News. Trump launches the next phase of his trade war with new investigations of key partners &nbsp;&nbsp; NBC News
f7bea436ce6f4e428acd,US trade with Southeast Asia and Taiwan surging despite Trump tariffs - Al Jazeera,CN,US,GoogleNews RSS CN-US,https://news.google.com/rss/articles/CBMirwFBVV95cUxNN01iaTVmVk9pTWlOMVRacXJGN0QzNFViNWRnVjNVdTNhSk12TzNHdUx3ZW80d3RienNfSm5lYlFDQlFTOWlNNnA1d3I1VjhHZHloN0l1UFowZmM3MkdfOEVwaFBtSUp4cnhmZzR0Uy1VSzV2RVJ6elZhRmdNUzlHMS1SdW1FenNNaUUtenhrLU5xMXlHaGxhV2xIVlQtLUFkTDNOUzBUVjh1OERqV2FB0gG0AUFVX3lxTE55dF9KZEZ4aTBKTmpId3ZrUENmMEkyS2ZMYjFIOEhPZno1QmdCcmx1eGk1T0c3THBCQS1SS2hmUjc5MEhrNUs2YVZjMlVtM0d4ckNsMDBBQmhQWXNUZ2h4UzBrVmtIYjZnNEZzQzd2anpkX3RjU2V3MXg2ZEFSYjg5X2FnZ0NHWGl1VjJDbkhBY0psWEFIVzl4UDVVTlRxZTVHVEE1WmZJQ0tMNUZaQ2UyeTRwVQ?oc=5,2026-01-21T08:00:00Z,US trade with Southeast Asia and Taiwan surging despite Trump tariffs - Al Jazeera. US trade with Southeast Asia and Taiwan surging despite Trump tariffs &nbsp;&nbsp; Al Jazeera
5aa33db1856013eddbd2,Trump’s justification for the tariffs was rebalancing the trade deficit—it’s not going the way he wanted - Fortune,CN,US,GoogleNews RSS CN-US,https://news.google.com/rss/articles/CBMilwFBVV95cUxNT2wzcktSU25VZmlaRGpPN2NIOEVqTFVxaV91dTc0cjRpM0YzYVE5NG1KWEdEZVR6SEk5RXVmUTJXNDRQdkRsVHFYeVhvN2t5V3RVT3ZROTNtQ3J0SS1JX0xnWWpmYVhPQmFKUXdhdWZjSG9saUVmYnFWODBUTXFtMkRKRmJhQWZlcmRndThLUFUtckZGSndj?oc=5,2026-02-20T08:00:00Z,Trump’s justification for the tariffs was rebalancing the trade deficit—it’s not going the way he wanted - Fortune. Trump’s justification for the tariffs was rebalancing the trade deficit—it’s not going the way he wanted &nbsp;&nbsp; Fortune
3f71f7ee30b22cf1376f,An update on the great reallocation in US supply chain trade - CEPR,CN,US,GoogleNews RSS CN-US,https://news.google.com/rss/articles/CBMihAFBVV95cUxNdGxySzltNExHTzNnVlVCcm95WV9kaldVejl5QlpjTXJvRFJwbzlYMHpaWEM2RVpNNUpuZFJZRDNYX0Z2WFgxWk05VWZYU2M2LVczb1BmdGVsckJVV1AtZUdBYnBMa2lYSHNIWmxNSmhRZkpnNU9KZEx0STVFQ2R5QjRlZm4?oc=5,2026-01-22T08:00:00Z,An update on the great reallocation in US supply chain trade - CEPR. An update on the great reallocation in US supply chain trade &nbsp;&nbsp; CEPR
1beb970ccbcd3e110ccb,China announces record trade surplus despite Trump tariffs - BBC,CN,US,GoogleNews RSS CN-US,https://news.google.com/rss/articles/CBMiWkFVX3lxTE54aWNheDlqTDh2NzNpeTkxM083SkhfWUFBMVJkZm5Sd3VHcGpmMTNoNUswbnhsbWZvV3Bka1hINENLQjNZZDZObDBsenFaNnk2MEM2b2hyaERYdw?oc=5,2026-01-13T08:00:00Z,China announces record trade surplus despite Trump tariffs - BBC. China announces record trade surplus despite Trump tariffs &nbsp;&nbsp; BBC
9a6d3a092519723abde6,China's trade ends 2025 with record $1.2 trillion surplus despite Trump tariff jolt - Reuters,CN,US,GoogleNews RSS CN-US,https://news.google.com/rss/articles/CBMixwFBVV95cUxOUTJBRGwwTTYzOEZ1ZGJxeDhqbHVXOWJ3ejBrY2c3ZzVDZXhIRV9IemtkRG15MERacVJQVnZxcVVTeWVqZnlkZ3pkVWJpY2RXTGxCV3EtOFhUQ29WUDBuSVdWY0M3WlBTRG1TTWlpVjNxd3JEMGxpZkd6YzR6eGxxZkhObERkc1NXSnJwT3pHQ2ZHUXhzdDNjQmxrYzJST0lQWXBZRVpvdHFIMVNlb2RUc3RLMFI1RnYybDFlWlp3c04xaC10cFlj?oc=5,2026-01-16T08:00:00Z,China's trade ends 2025 with record $1.2 trillion surplus despite Trump tariff jolt - Reuters. China's trade ends 2025 with record $1.2 trillion surplus despite Trump tariff jolt &nbsp;&nbsp; Reuters
1fc92650214dfda71646,European and Chinese exports kept growing despite the 2025 Trump trade shock - Bruegel,CN,US,GoogleNews RSS CN-US,https://news.google.com/rss/articles/CBMiqAFBVV95cUxQMkRDX2dVb09ESWxsRnU4bGF1UnkxVTJTXzM4Zk9JZGVoMzVKRE5wUktEMlctcE8zQlBGMTZUb2dsSkZqS1NKaUdXT29CZUVkazVoZlU1WkVSME52eE01VlM2VTUyTXFPXzFJZTQxVFhpS0dWWGotaW5xckN6Vm9hbVpySGhEcVRtZGpMTW81ZjJIcGdURWFyTFh1cGV4SjZ2dkNvSFNpai0?oc=5,2026-02-02T08:00:00Z,European and Chinese exports kept growing despite the 2025 Trump trade shock - Bruegel. European and Chinese exports kept growing despite the 2025 Trump trade shock &nbsp;&nbsp; Bruegel
1c44ce657aac754d954f,Canada turns to China as Trump's tariffs and threats bring old foes together - NBC News,CN,US,GoogleNews RSS CN-US,https://news.google.com/rss/articles/CBMirwFBVV95cUxNRUZkbWxtNkI5UXVsaHIyaXUxV3pqTC1WR0dMdjUyWUktZHd0ZV9ramd0VWVUSGJ6Wksya3dlRF92SlNTdHRUajNEVXF2X0ZsN1AxU2E4aEVfdFBOYWJSSUQwNUc2SFVBaVdmaW9xaDc3S0V0bDBUcHY1OUJ4MmFuNDBueUYzS2ZBY2t5a1U4VjZtVV9TQ3lVaU5sbWRnWElIZWlxeVJMMEZnSlozekRr?oc=5,2026-01-16T08:00:00Z,Canada turns to China as Trump's tariffs and threats bring old foes together - NBC News. Canada turns to China as Trump's tariffs and threats bring old foes together &nbsp;&nbsp; NBC News
380ceac25dc5c9b297f2,Trump's erratic trade policies are pushing US partners towards China - France 24,CN,US,GoogleNews RSS CN-US,https://news.google.com/rss/articles/CBMirAFBVV95cUxPcEtvR3pYU2FGTU96dDZaclQ3czR3dTc4eEVGNklPNTJ4MFVVQ1FPVktMTnNLaEFTTGVyWnhZYllSVFllQTdrUzg1V01zZVFWei1BZ29IMnY1Z29WUE9sbThSTzRlalFrWkRHT29nZVlSU0o5cjN1N1VXS2JxM2lxMWNKUF9ScDc3eVBWRjhYeno3UTVvX2FLeHRhcGVkZ0FQZ1lVWkV0bGZXUjN6?oc=5,2026-01-17T08:00:00Z,Trump's erratic trade policies are pushing US partners towards China - France 24. Trump's erratic trade policies are pushing US partners towards China &nbsp;&nbsp; France 24
b353c01350db3e31403f,China emerges as big winner from Supreme Court's tariff ruling - NBC News,CN,US,GoogleNews RSS CN-US,https://news.google.com/rss/articles/CBMioAFBVV95cUxQaGhjY1RaM3REeGoxTHF3ZU9mOV91WDNpeEUyZFFpRC12ckEwRmdKemRVazNvU2hwa0NMS2pqTWRaOW1acy1iTTBZaEYzNUNPWXJYR1liYUFrem9sZ0gwYUUybXlWcDR5QlhTOFRvN0JqczNENmJPYWFwajRJZTEtMk1UeTNVSzlMOEtPaEZsYmVXdFRrQUZDamZEdnFUVm5B?oc=5,2026-03-01T08:00:00Z,China emerges as big winner from Supreme Court's tariff ruling - NBC News. China emerges as big winner from Supreme Court's tariff ruling &nbsp;&nbsp; NBC News
2deb46b78a291cf3471c,United States terminates IEEPA-based tariffs following supreme court decision - White & Case LLP,CN,US,GoogleNews RSS CN-US,https://news.google.com/rss/articles/CBMiuAFBVV95cUxQaEdwc0tMNWpKX0xNOG9QTEEwaS1admg4bHUxY3g2bnBWaG82cER3dHRIN3ptOU8xZlRCQ2k4UTV5b01wZklhNkplQzVyXzNJRjZIYXZiaHRwSUdMV2s3VmUxTnNyTnhLN0VNdDZIOWhENWhZT0V0Mk8weTFpQWxENnVPMzlybVF5S1ZtNjZteXFQN2hKYjB0djUtZXVvU3N6WU9VMmxHUzdLMnpoVW5NS3Z2X3gtSkdl?oc=5,2026-03-02T08:00:00Z,United States terminates IEEPA-based tariffs following supreme court decision - White & Case LLP. United States terminates IEEPA-based tariffs following supreme court decision &nbsp;&nbsp; White & Case LLP
26770827afe7f5f1fb61,Trump’s Tariffs Send US Trade Deficit With China to 21-Year Low - Bloomberg.com,CN,US,GoogleNews RSS CN-US,https://news.google.com/rss/articles/CBMitAFBVV95cUxNSmt4U1hOQnBZdjVHWVlyNXQwWVBzWC03YlQyYmEwWGdPVkdvUzJzVWVqdVF4WDZWenlTdWtaN0VldTRHM2RoX3RZaXVqd1daVGVLZ3o2eXcxRWZIRFZMTUZneHAySzVYVzZrTE9KaWt2WXJGSU9DSFpfVW5pMDNGVGVKWURLSC1paWgxVWdCM2RPT3hqUWNUSW1sWVN6X3ZkVWZZd1UwRWtUYkxPcF8tTnZlYzU?oc=5,2026-02-19T08:00:00Z,Trump’s Tariffs Send US Trade Deficit With China to 21-Year Low - Bloomberg.com. Trump’s Tariffs Send US Trade Deficit With China to 21-Year Low &nbsp;&nbsp; Bloomberg.com
402ea1d2fa69ff1addee,Major developments in Trump's trade war - Reuters,CN,US,GoogleNews RSS CN-US,https://news.google.com/rss/articles/CBMiowFBVV95cUxPTmprV2MwOTItZDNEckhManViaURRckRiekZnTEdMWXFvWWpxYmNvcDNXbHVNRy1qeV82QmdHcXZXWW5rYmJhVlY2TTlHcFo3b3dzcUJKUEdpOHJNMzFrcDBnakp6bzc0R3dEc0JfMDJVQS1vaU1TVjhILTBUckFfcmcwM01VYldQak95NFpSSDZVdDdnV255Y2tiamVRTXB1emxV?oc=5,2026-02-23T08:00:00Z,Major developments in Trump's trade war - Reuters. Major developments in Trump's trade war &nbsp;&nbsp; Reuters
1993ea6b95c7be528cb2,US trade deficit hits fresh high despite Trump's tariffs - BBC,CN,US,GoogleNews RSS CN-US,https://news.google.com/rss/articles/CBMiWkFVX3lxTFBJME1JTEg2UGdMa0hrWTB4bjQtUlphanlFcjdPel9SUjZGNG5jYWJCTnlVMjJxV2ZTX19ZZHduWUNxRjlkd09LM2lEVDM3SVpBdVR2bnNJSXRhdw?oc=5,2026-02-19T08:00:00Z,US trade deficit hits fresh high despite Trump's tariffs - BBC. US trade deficit hits fresh high despite Trump's tariffs &nbsp;&nbsp; BBC
cdde25a1ffbaa73811bf,"Trump pivots to new 10% global tariff, new probes after Supreme Court setback - Reuters",CN,US,GoogleNews RSS CN-US,https://news.google.com/rss/articles/CBMixwFBVV95cUxPRVdHTlpNTUpqX0Z0S1d3VjNxNFY5akoxVEFjb0xMUXlWNXRhZUYtMlJ1MGxHNno5YkRDT3RPTkQzdWhUcU9vMHVqcDU1RmJxZ09icUdrUjZ1S1hNNlc2SU43SkhMdFhfeWk5WkphTzRRSkpEVkN5cEZVMEgtMElPY2xJcjVXank2VFE3bFBkOHdsTk5UZWxzQ3pWZXpVMXpQZDdKaTdWOXFLenFGeHNSeHZmUGNKRGk3Z0NmeW1fdEZfR0Q0Uks0?oc=5,2026-02-20T08:00:00Z,"Trump pivots to new 10% global tariff, new probes after Supreme Court setback - Reuters. Trump pivots to new 10% global tariff, new probes after Supreme Court setback &nbsp;&nbsp; Reuters"
4c696092f7915ce71aff,The Impact of Trump's Tariffs: A Comprehensive Analysis - CliftonLarsonAllen (CLA),CN,US,GoogleNews RSS CN-US,https://news.google.com/rss/articles/CBMiqAFBVV95cUxQYTBRLXAtXzNnMUd6YmdaQ2Y0M0NUS1ZnZUxWRENUYVB0N1RJeUd1MmNKdzJSMTVWbC16dzhHU0FIQ0JMRUhKbU1sVVdfcVE5YUt5ajFlNk80RlZHcXNobWxSRHE0dkNGbUk5bXkxVUtBYThMb3JzLTRDSlBYTFBFaXh2VEkySkRqQVRacmpuaUNVRENGS1V4NjlLT0lQV21wVldMNUFwalQ?oc=5,2026-02-23T08:00:00Z,The Impact of Trump's Tariffs: A Comprehensive Analysis - CliftonLarsonAllen (CLA). The Impact of Trump's Tariffs: A Comprehensive Analysis &nbsp;&nbsp; CliftonLarsonAllen (CLA)
e3cc91d8940a0c4cb49b,US trade chief says tech restrictions to block Chinese autos - The Business Times,CN,US,GoogleNews RSS CN-US,https://news.google.com/rss/articles/CBMisAFBVV95cUxNTF9hcXplZWNveFlDQnNBbG1idkF0M1VEczUtX3pDMmFSOTNtbC1XT285RGJFZlI0LXBCbDRqY21OR1l1OW8yN3dLcmh2YXRLS0twcC1ycVVmOHBpS2ZVVk1CTjE2TWlBWFF1RTRkSHJBaFFqelNIWTZDVGtRMUlQdE1NTjlkYS1pRUtKMlhPRjlqQndHeDdMQ1BwdGxTQ0toWFJyY2ZRem05ekMyNGFwbQ?oc=5,2026-04-09T22:55:00Z,US trade chief says tech restrictions to block Chinese autos - The Business Times. US trade chief says tech restrictions to block Chinese autos &nbsp;&nbsp; The Business Times
18e08cb3453b9e37e45f,What is Trump’s ‘America First’ trade policy agenda? - Brookings,CN,US,GoogleNews RSS CN-US,https://news.google.com/rss/articles/CBMijAFBVV95cUxPd19zQTZYTlhYSzI2RHVkc2FWMTdFUUxmUHFhanU5RnRTbkhZNFA2bG9CRElBVEx0V2U0cXhEdzdFeW5FWTJ1OXVhaU80eEp2ckVZS3d0Y3p0X2JobzhqZmdUeFNaQ0JFV0o0NU1qTUtiTVhlSE5RYnpqSFRteHc4bXo2a3dHYnZlUHA0Vw?oc=5,2026-01-21T08:00:00Z,What is Trump’s ‘America First’ trade policy agenda? - Brookings. What is Trump’s ‘America First’ trade policy agenda? &nbsp;&nbsp; Brookings
160b89c9b760d289b26a,"In 2025, Trade Deficit in Goods Reached Record High - The New York Times",CN,US,GoogleNews RSS CN-US,https://news.google.com/rss/articles/CBMijwFBVV95cUxNRTJFSVB2cUlUMDFPaGZESTJjZ0FkREw1cGpCN0EtbVdLdTY3Q2V0QTZLZlNLR1p5Z2dVZExrelIzVjBjam02UHgybmNfYTVYRFBQYm90bzZoU1BobGNUNzJWMUM4NENoLU4zZVE2VGtLdW9wc0ZEeHU1R2ZUTDB6VEc4ZmxiVHg2dGVHS1VpZw?oc=5,2026-02-19T08:00:00Z,"In 2025, Trade Deficit in Goods Reached Record High - The New York Times. In 2025, Trade Deficit in Goods Reached Record High &nbsp;&nbsp; The New York Times"
3a1c41225fd3e2dc413a,Donald Trump’s new flat-rate tariff is a boost for China and Brazil - Financial Times,CN,US,GoogleNews RSS CN-US,https://news.google.com/rss/articles/CBMihAFBVV95cUxPdWtId1NuLVdaSlF6dGxWUUNNdUJ6c3JsZzhZT2NuVW1yajhRWnNpcnJKdGNKSXV3ZW9RdE9RMG41Q0kwVVRMekYyNFVGYTQ4cEhoQkhCSnVaUXVPTzZwLXFzZjhtZzVmRlVCLS00RExwUHlwYkl5RFQwVU05MlRxQ0F0Ukg?oc=5,2026-02-22T08:00:00Z,Donald Trump’s new flat-rate tariff is a boost for China and Brazil - Financial Times. Donald Trump’s new flat-rate tariff is a boost for China and Brazil &nbsp;&nbsp; Financial Times
95748a07a1066638a530,Trump announces new 25% tariff: How will it impact Iran’s trading partners? - Al Jazeera,CN,US,GoogleNews RSS CN-US,https://news.google.com/rss/articles/CBMisgFBVV95cUxQSTVRakhydEx3Tm4za2FRN3Z2NEhESmtfVHlYX3dHaHdCbWc5WWlFUU5zRHAtaTZLMFBHMGE1bkV2VFd6UVJzOVZFMTFNODhYb0h5MkwyUThUTTZzQUNQemk3YzhUcENKcl8xQkVhdnVQcmN6Z1hnN3o2RlU2eVJ4RnZmandZUXlEaWpxSkg0cUxCMnZuRDFXOUFYcGNrRDFiVUVVbjdMLXhDR0VlbWloVzVR0gG3AUFVX3lxTE5wYXZkenRfam9oR1BJWEdrQ0pCSmN4YWhldmFSQ3BSYnFRVE5PRWpZb2ZWbDR4bUlSNHNYZHlweWMxRTd4a2wza05yVkdKZF9UZFgyNzlpZDlyYk1wbldwM0RlelpxWU00bUEzbU5iVVdKdFFaSm9JSkJJZEYzY3E2YWxLR2YzLWRfLTAwd01pYmJhbXgzUWV5c2F2QS1kUDdIMVBDSm9lbUVBb3BKR0hUVWRjc04wdw?oc=5,2026-01-13T08:00:00Z,Trump announces new 25% tariff: How will it impact Iran’s trading partners? - Al Jazeera. Trump announces new 25% tariff: How will it impact Iran’s trading partners? &nbsp;&nbsp; Al Jazeera
81328ea711d8e1f27681,Trump 2.0 at One Year: What US–China Relations Could Look Like in 2026 - China Briefing,CN,US,GoogleNews RSS CN-US,https://news.google.com/rss/articles/CBMigwFBVV95cUxNNzRZMWhMbDVCVUZqWmoxM3NoX1ktOEhzQWtJVm1OcmxZcHhISVpDOHhFVkh5cVpSRDFRLVNWYjhXS2xneldMSXIzVG5XOG5RcXVUYVVCMmRtN2poVVo5R3V0dnJOX3ZXY1hOd3hhVnJlbXFpRmRaVU04c2lJdjJzVEotcw?oc=5,2026-01-20T08:00:00Z,Trump 2.0 at One Year: What US–China Relations Could Look Like in 2026 - China Briefing. Trump 2.0 at One Year: What US–China Relations Could Look Like in 2026 &nbsp;&nbsp; China Briefing
47e3cf2e2dd80ba6d7cd,Trump 2.0 at one year: who are the real winners from the tariff experiment? - ODI: Think change,CN,US,GoogleNews RSS CN-US,https://news.google.com/rss/articles/CBMiowFBVV95cUxOZzV3RVIwTXExdzRlelZpbzVSeDdkOEE5bkVrYzI3YzJobVRNd3AwWkFWZUQzTGQwVlZIdjNCS1h3MWVGRnZfN1htM2ZDdThBTjBIaVBjUTBuVXVKdUJhclgtbkdqUENJU0VNdUQyUThsMDk3dDdmNFdLeGRKQTBhaDFVRWdqYnNqcjVGRGcyaDdlalhDWG0wTGFxbkc1Vy1DWnU0?oc=5,2026-01-23T08:00:00Z,Trump 2.0 at one year: who are the real winners from the tariff experiment? - ODI: Think change. Trump 2.0 at one year: who are the real winners from the tariff experiment? &nbsp;&nbsp; ODI: Think change
4d2c452bcb51c0f6c4a3,US and Taiwan sign ‘pivotal’ deal to cut tariffs - Al Jazeera,CN,US,GoogleNews RSS CN-US,https://news.google.com/rss/articles/CBMinAFBVV95cUxQUmRqRE5VYzRkcFdWSVBFWUlhai01Tm5wUWozdXJFMzFlSnNFRHBjOXM5TlVaNElicFM4a3ZlR2s3ZXk2MFBvT3lRSm5jWnQ1TkJmbjVTa1QycDdhUjlPeG0zNW9HZzlTZzFrdHhESHVtb2Z4cl9iX3JNb2dHVXlzeHJZajBQcWRXS3NzUXlwSlExclpESXBZV1N1Sm3SAaIBQVVfeXFMTjJDdDU2SEZVSmFOOEphQkdDeVBwbF9hWXNXdENTWWRIT0lScnRxNUE1MUJPZFlkZjZlZC1wLS1XZ1pRZzlNWW9sREhlZ2E2OHdXQldPTWxNUG9CRldrcTQ2VWZFdzk5eFhOMERLSVpxOUUxMjlLVGw4YXRyNWhNYU42R2VPamRtaHVDZldQV1dzQ3FlX3dDSkZfRkpITW9jREV3?oc=5,2026-02-13T08:00:00Z,US and Taiwan sign ‘pivotal’ deal to cut tariffs - Al Jazeera. US and Taiwan sign ‘pivotal’ deal to cut tariffs &nbsp;&nbsp; Al Jazeera
a0b8a9ec1c891e8f88e9,Here Are the Countries and Products Subject to Tariffs Now - The New York Times,CN,US,GoogleNews RSS CN-US,https://news.google.com/rss/articles/CBMiiwFBVV95cUxOUjg2dnFmWVhreXFuam9oQ3dmbnJIM1NrS2VaSkYwbnBZR0I4cjRXODItSHBEX2xmaVI3VmhMNXZfSWVWaDNtOHhHNVZxbjVidWFYYXVvNXZ6UDg3WVQ0N283V1lDdXJiZjFMNDZYdi1pTlIzX2NZS21CQWtaSHJ1a0JzcVh4dGJfamdn?oc=5,2026-02-27T08:00:00Z,Here Are the Countries and Products Subject to Tariffs Now - The New York Times. Here Are the Countries and Products Subject to Tariffs Now &nbsp;&nbsp; The New York Times
bbe2c374d896d3bc607b,"A Guide to Trump’s Section 232 Tariffs, in Maps - Council on Foreign Relations",CN,US,GoogleNews RSS CN-US,https://news.google.com/rss/articles/CBMie0FVX3lxTFBwMWQtRkNnYlhHOGZVQ3BmSzI2VmJJYWd2V3NqZUx1MmdYOUtWdXJCQmN3ZmlkUWlTamxzYjFPQjJ4SWJoZXJMNmhpUlJEUmJuNVE1czlhX2lYcGw0U2tuY3RXYkdZTWVDR3dRN0tZb28zZk5jblZmMWltMA?oc=5,2026-01-20T04:57:06Z,"A Guide to Trump’s Section 232 Tariffs, in Maps - Council on Foreign Relations. A Guide to Trump’s Section 232 Tariffs, in Maps &nbsp;&nbsp; Council on Foreign Relations"
1148d3025ef17660911d,"U.S. trade deficit totaled $901 billion in 2025, barely budging despite Trump's tariffs - CNBC",CN,US,GoogleNews RSS CN-US,https://news.google.com/rss/articles/CBMipwFBVV95cUxNZ25TRDNFeUUtNGNWd1RPal9GTXN3aFFUWld1Y0x2eEFPMG5YTVNUQUtiVHl6ZVpuOWZhcVl4RXJ0aVRzVnVPX1VjN0JKWnVHVHhRSVZaenU2M0s2cmRxaTdNQVM0WjFVZnhwOERSWjZBeW5oZmdpZWxMWUI3RG5QbnJ1VkFkMU5ReS1yakZhRjhNajNKX3p6VWdLOTF0NTNmYlN6Mm12VdIBrAFBVV95cUxQLUI1RjlGQVF0cUNaOXVPYVdvU20wQ3RHZEpWTGxEbE1hazJaLWlGTl9kWmVaMjR3WlJHekx1RWdhcnl4SzJiU1BQanNfNG9xT3U0aHp6R1hPV1NOcWppRmlod3g2R0tibHEzU01pSEtmZDg1WmJzNWtxTWZWb3dXSExwaXdBdWtnWklYYTVTX1RzdXVOLXRrc2hWbkhlQ2Y2QmZ1MEFqcDVDWENP?oc=5,2026-02-19T08:00:00Z,"U.S. trade deficit totaled $901 billion in 2025, barely budging despite Trump's tariffs - CNBC. U.S. trade deficit totaled $901 billion in 2025, barely budging despite Trump's tariffs &nbsp;&nbsp; CNBC"
49300c4380e8fe179386,U.S. launches fresh Section 301 probes into 60 economies over forced-labor trade practices - CNBC,CN,US,GoogleNews RSS CN-US,https://news.google.com/rss/articles/CBMijgFBVV95cUxQMzUyWTNOR1F3QVc1WVJWdURya0dVX1JHTjNab3hUSzNWSlp0UWtWdkkzdEN3VjBkQXB1UlAyalI3ZE05QUdzVGxCcmpJWXlGNnl0Q2hRR2RnVm12NjR2N3VNZlVNN1NTcUp1dl9wZURLZkxRNzdxUmpFVWM5OXJUbnRaajFPa3BvdU9SbTR30gGTAUFVX3lxTE5IUWg0c0d4amk1NmxCTUhveEd4dUQ1dl8wSHZPUHlHV3ZkdmlrWXdwc3hBS1MzSnExbG91MjZDSkNsTFhOWU1QRjRhMHFjOE1aVUp5Ujh1aWlMSFMxeTF0Y18yV3pxekxaWDhVVjd0eUFyRXctSGdpbnRUTmRIRTRpWEs0UHkxU29XZ2h0UEFpSjlxRQ?oc=5,2026-03-12T07:00:00Z,U.S. launches fresh Section 301 probes into 60 economies over forced-labor trade practices - CNBC. U.S. launches fresh Section 301 probes into 60 economies over forced-labor trade practices &nbsp;&nbsp; CNBC
d7f510c4c37fd8040259,"Trump to travel to China next month, with U.S. trade policy in focus - The Japan Times",CN,US,GoogleNews RSS CN-US,https://news.google.com/rss/articles/CBMilgFBVV95cUxQTWlveEp2enpXMU5zODgxMW9QVktFY2xPLVRYM1VDVXlkMEpCeTJUa0pwU2NUcXpUU1NRUkVPMW9NV2ZVdlRyNjAtX3VybFI2RFN4TmpJQ0NTZnZEeVRQMUsydkxYOV8ySm9yclBwTGdwR3hRakI5THBsSDlfOC1JMlVaQTdLaE9ENjdLOWtoVlhmUlhGSXc?oc=5,2026-02-21T08:00:00Z,"Trump to travel to China next month, with U.S. trade policy in focus - The Japan Times. Trump to travel to China next month, with U.S. trade policy in focus &nbsp;&nbsp; The Japan Times"
a9f8bac1346542962571,What Canada can learn from Mexico’s approach to U.S. trade - The Conversation,CN,US,GoogleNews RSS CN-US,https://news.google.com/rss/articles/CBMilgFBVV95cUxNeFhaakJiX1UxZklrdlJfQmtyaXRMeE1iQjBYZWZFWWQzY0dSaDF2a3VDT1R3UmN3bF9FeUZoZkZZZldGdWtRN2pTdU9fNkRDQ1VrU25vdkMxcjg0OFFkNDhpNUVPYmFZNnBJSlpRMGRpRTdaMmJsVHE4OTFTZzgzSzk3WnFsS29kYUFSRTdrVEZRcENCSWc?oc=5,2026-01-19T08:00:00Z,What Canada can learn from Mexico’s approach to U.S. trade - The Conversation. What Canada can learn from Mexico’s approach to U.S. trade &nbsp;&nbsp; The Conversation
75cb9bb31a95260a1849,India-US trade deal: Hope and uncertainty as Trump cuts tariffs - BBC,CN,US,GoogleNews RSS CN-US,https://news.google.com/rss/articles/CBMiWkFVX3lxTFBoRHZ3eDU2UERBbkZfcHFSSFdicTdPTFdCM2pMQjJORmV6TGFhT3poR2hzamVwN1V1QlF4UDIwMTFDT0gwZUJwb2EyX05Kd1VINnhEdU9fVDIyZw?oc=5,2026-02-02T08:00:00Z,India-US trade deal: Hope and uncertainty as Trump cuts tariffs - BBC. India-US trade deal: Hope and uncertainty as Trump cuts tariffs &nbsp;&nbsp; BBC
ffa328303adc1c86c4e7,Canada's deal with China signals it is serious about shift from US - BBC,CN,US,GoogleNews RSS CN-US,https://news.google.com/rss/articles/CBMiWkFVX3lxTE1BQzhndmFMUjFiREZ3YWtRMXJ1dE9xam1YLUdjYnd6Y1RySkJNTklWTERQc3U0WVpyamRrLVhnNGVoMDlsNEh2Q05oQi1lYU5tRzhNX2xONjl1QQ?oc=5,2026-01-16T08:00:00Z,Canada's deal with China signals it is serious about shift from US - BBC. Canada's deal with China signals it is serious about shift from US &nbsp;&nbsp; BBC
5bc4fbc808e2fa68718d,Did ‘America First’ tariffs work? - Brookings,CN,US,GoogleNews RSS CN-US,https://news.google.com/rss/articles/CBMidEFVX3lxTFB5N3JlNXM1clBYR0daZENSSUpMd0ItUDliYjVuMW1Rcl9ES1JDZElDbC1VQlR3aW11OEtvZmJ2ajhLNUxUMDJMeFM1RHFqNVBma2tHX0JIQnVsWmxXT1pxWXF3a2V4alNoQjkyT0JQenJjbnBj?oc=5,2026-02-06T08:00:00Z,Did ‘America First’ tariffs work? - Brookings. Did ‘America First’ tariffs work? &nbsp;&nbsp; Brookings
ae8f114d9ac404e8cb80,Trump Mulls a North American Trade Pact Without Canada - The New York Times,CN,US,GoogleNews RSS CN-US,https://news.google.com/rss/articles/CBMikgFBVV95cUxOdjU2SHVJOGd4dVp3WlQ2dTMwZXFKQUtUeURRaXczTU9DNUFhRFlxa0pYLWZuSVBJbDk0UXpubWVPMzZPbVBsT2RNUUtlVE81RG55SnVpUDc5RlJXZXpxNVU5ZWhWb25ka0dDMGZndzk0S3I2OXVEMnNNbm9PNTFhT2pTa3Y2REpFbnRyV2JGR3A3QQ?oc=5,2026-02-19T08:00:00Z,Trump Mulls a North American Trade Pact Without Canada - The New York Times. Trump Mulls a North American Trade Pact Without Canada &nbsp;&nbsp; The New York Times
d6cb1a6b5171b608cabc,"Canada has no intention of pursuing free trade with China, says Carney - The Guardian",CN,US,GoogleNews RSS CN-US,https://news.google.com/rss/articles/CBMitgFBVV95cUxPSVdDNkotazRxNGVEa2ZDWkNlRzEtampPd1NJRGN1Wk5WUWcyV1MzYnlIcTdsaU92WXB4LU9qei1WbXJIOGM2UXVUS0VERC1TMHNyOUhSY2hzb2p6dmpOTlRWc2wtMnFrQzVUMkRWYjh0XzQ5YVBNMUhTTjN3UFRmWU9TZFd3cW5iT2dpSjNvRjlEbGpSNW5JV3lyU2w2OTFibzB6SXVaY29uVWJibW92em02bGdKQQ?oc=5,2026-01-25T08:00:00Z,"Canada has no intention of pursuing free trade with China, says Carney - The Guardian. Canada has no intention of pursuing free trade with China, says Carney &nbsp;&nbsp; The Guardian"
1e7893196df53c55bd72,Carney’s China embrace widens gap with U.S. in Trump’s tariff era - The Japan Times,CN,US,GoogleNews RSS CN-US,https://news.google.com/rss/articles/CBMikgFBVV95cUxQV3MxS25FR1NkVVlWZWlzYzlkcU5vWFJ0dENsU0FSUHBqeWdWZERlS0pQcDhLY2hwVHFKZ1JNVk9IazZuY0tKR19JMWhSTWY0b0ZWLUktZ2tSUUVrOGdwOV9sU19mS0NKNzlJUno0YUxKN2MtNnp6VUw1NjZCSWtMdXhCY0tXRXlUbWhuN1gtUmRFdw?oc=5,2026-01-18T08:00:00Z,Carney’s China embrace widens gap with U.S. in Trump’s tariff era - The Japan Times. Carney’s China embrace widens gap with U.S. in Trump’s tariff era &nbsp;&nbsp; The Japan Times
af8108d2c0fa255a4355,US Supreme Court strikes down Trump's global tariffs - Reuters,CN,US,GoogleNews RSS CN-US,https://news.google.com/rss/articles/CBMioAFBVV95cUxOeWFtcjJKM1FoR2pkVldFNncwblBySWNKWGxLdDU3blVuUWJ5eDhvSVgxUVBIX1NxNXVtdVJZRXdYUU1zUlNwQVo5MGloXzhveGw1WnpIY1FsNlRWX053cHRuY2NoSU1mXzNmNm1WczVjWDBMUDduVHZkUndtOE01YlJ0UlhjdU82Z1RDZWVUYk5PVEhucS13SDE3a3hPa1NX?oc=5,2026-02-20T08:00:00Z,US Supreme Court strikes down Trump's global tariffs - Reuters. US Supreme Court strikes down Trump's global tariffs &nbsp;&nbsp; Reuters
b65d6c6a03a3497a192a,US-China trade talks end with pledge to keep tariffs steady - nhk.or.jp,CN,US,GoogleNews RSS CN-US,https://news.google.com/rss/articles/CBMiYkFVX3lxTFBRU3UtcEc2N3Y5Z2VzcGd2MXdWRU5GT0ZOR0lRSHdjdkFKenFYcENXQXMzM0Fxd2djSTVPVEhfM0lMeVQzdW9abE5xOHBTcjRkeGp6RFBJcFRHUkJtTmtBS0hR?oc=5,2026-03-16T07:00:00Z,US-China trade talks end with pledge to keep tariffs steady - nhk.or.jp. US-China trade talks end with pledge to keep tariffs steady &nbsp;&nbsp; nhk.or.jp
98df63ff41bdc3f29879,"Tariffs, trade and Trump - Institute for Government",CN,US,GoogleNews RSS CN-US,https://news.google.com/rss/articles/CBMic0FVX3lxTE9aMER4a2VpcHYtMHJabVdaZ2E0a1puR0dMaDRBU1EzZE9jS0ZxTTFabUNYdWxNaFJidlhOZjc3RmFEVENZbk1yYU1hZlp5bmlHM0dqME45Y0tqTE5tRFFJYU1nTDN5QVBaLVBKZHE5MGE3ek0?oc=5,2026-02-19T08:00:00Z,"Tariffs, trade and Trump - Institute for Government. Tariffs, trade and Trump &nbsp;&nbsp; Institute for Government"
3bed11b830595cfda6fb,China Wins as Trump Cedes Leadership of the Global Economy - The New York Times,CN,US,GoogleNews RSS CN-US,https://news.google.com/rss/articles/CBMieEFVX3lxTE9QM3pJeDdGSnlHLUNzamhGRkFpVG44WW5Hbm9sODVwNW1MdkxNcnFXTzMwMGtaeGl1ZWVORVhDczl3UGtzdEhkVldzX3lhTm9CUVdId2ZZejFxLXVmcWwxVC05M0EzSEVhWXI2aG81WW9aTUEyOHZEMQ?oc=5,2026-01-23T08:00:00Z,China Wins as Trump Cedes Leadership of the Global Economy - The New York Times. China Wins as Trump Cedes Leadership of the Global Economy &nbsp;&nbsp; The New York Times
60c62dc03ae57e61547d,"Lower than Pakistan, China: How trade deal with US gives India its edge back against South Asian competit - The Times of India",CN,US,GoogleNews RSS CN-US,https://news.google.com/rss/articles/CBMiggJBVV95cUxQMWZiQVpKMjVvUFVtVFpjb2FyaFhQWlJzRlBCWHV2SnhQLVRfMjM4d3Q1dEtidkQyY19iMy1tQkxyMHFaUExRcU82M3lTVkdzbHhtRHIxaGVXZzA4Rl9ZOVhQamZIa05jWWtaV2xKSzRqRjVIaHUwTEZCZzM3b01PUXJ6Y3NIb2hZWDYyeElHVUhERDdBOXhjVF9UbFZDaXZpRWN5eDlyWnctaVN0QTYwS0RCZVo5LXlDTmlubWVVYmZqdmJpWGdjamU5RWlBbUg0REFucEpaVVN3eC1wUjdHek9VeGJ4Y3EycFB4T1NIbkVxV0JsaFNZVDR5MTlHQVVQeHfSAYcCQVVfeXFMTU05bTl1QmRKbEZnclM5ZUI4dGlCYjAzQ2o2WXJQX2dOM0NFZWVLLTZtczQ0ejJYS3RhZ1FlbXpGSDhoRW9BaFQxOGppaDFJbUF1RUJpb0JUVFV2N1RSbnRRT0wxSnN0Q0NQM0RQYng4dm5NZHY4QXB2aTk3WGY2Yk1jNUJOTUhHVW1MaUxJT25LalF1aV9lTF9WRTU5OVFiOGc1SEJTZi12NEpoSUNqempvOHotWXU4SUI0WThTRWh0UUxSQWhvejBZdDBaS0dYcjBYZXdpZ1BkRTFrX3VWTnZ2MGQ1LTNYUEhmV1ZhTm5KQkM4SmQ1eFhIVFJYVkplNjJsZDJYT1k?oc=5,2026-02-03T08:00:00Z,"Lower than Pakistan, China: How trade deal with US gives India its edge back against South Asian competit - The Times of India. Lower than Pakistan, China: How trade deal with US gives India its edge back against South Asian competit &nbsp;&nbsp; The Times of India"
12739604ff78a1b3ba4a,India (IND) and Russia (RUS) Trade | The Observatory of Economic Complexity - The Observatory of Economic Complexity,IN,RU,GoogleNews RSS IN-RU,https://news.google.com/rss/articles/CBMib0FVX3lxTE9pSGg1RlRpLUN3ZHAyRFphVHNEcV9JTnFfVXNKY2tmaktoQ0VDaklYMGhMQUZLTnhFLWNvS055RGVITDMwcmxzWEJKTjVhQkhJVXpFbmlIV0xQQWpPNnpUa2lrckk4Y09CQWpuWFJRUQ?oc=5,2026-04-09T17:40:47Z,India (IND) and Russia (RUS) Trade | The Observatory of Economic Complexity - The Observatory of Economic Complexity. India (IND) and Russia (RUS) Trade | The Observatory of Economic Complexity &nbsp;&nbsp; The Observatory of Economic Complexity
f9b018749b0d965eef4f,Mapping Russian Investment in India - orfonline.org,IN,RU,GoogleNews RSS IN-RU,https://news.google.com/rss/articles/CBMiekFVX3lxTE5RbDhoMmtyNW5pQzBSd1ptcldNaFBzOS1Qb0xfQmo4TVA4SGV6d0RaZ2dPa00tdnZ3aFhhUDJtQ2NKOHBPcDNIODlnZFVpQUlFdHRvbTJTaER4LTNUMHpZaFlCTm9JQ2cxeGszSGl2YTlPeFAxZWQzZnlB?oc=5,2026-03-24T07:00:00Z,Mapping Russian Investment in India - orfonline.org. Mapping Russian Investment in India &nbsp;&nbsp; orfonline.org
383eba0306dd365a58ef,There's an India-U.S.-Russia love-hate triangle — and it's complicated - CNBC,IN,RU,GoogleNews RSS IN-RU,https://news.google.com/rss/articles/CBMiowFBVV95cUxNQXpZTEVOR09yUlFwT2tySWo4Qnp4S1hLbkxZMVVOX1VYUGtkS3dIMXNVQlN5Um9CTXRHNks4MmptOVR6TElmaUY0ZjItMHd0c2NrdjN5anlKWFVOM1R6eE40aHRGZHc1RFhLZEN3SXRLMktKZkhISkRSdlRHNmxGanJxcE9zcUExdTZqQVlGN21tcnI1T3M3TDJmZERSYlFPTUZN0gGoAUFVX3lxTE9kUEtCY3FJY2dfdmRWMDM5Ums2S0lxNGs0SHBHQ0RWQlRTM0hYUlB3U25MdU1rbmJvclU3cHhMNzc0NGFmdkV6bHU5WmpfWEhrbWVNbV8tS19jUlZGQlhJVkFpUHFYbW9EMGZ4bnJvOXE2TTRZSEFidnE1OTNFdW9aeTRySXZPc0xocExkbm9BUWJ1VDBfdlgwcU9pTk9hcUo3cUJYd29GWA?oc=5,2026-02-12T08:00:00Z,There's an India-U.S.-Russia love-hate triangle — and it's complicated - CNBC. There's an India-U.S.-Russia love-hate triangle — and it's complicated &nbsp;&nbsp; CNBC
41ef6944a8453faef3dd,India's immediate end of Russian oil after US trade deal to be a big disruption: Moody's - The Economic Times,IN,RU,GoogleNews RSS IN-RU,https://news.google.com/rss/articles/CBMi-gFBVV95cUxQWV9PRWJIaEJTaEppT2ViV3dLQzB1M0xWWldpM21jYkpCU0lWMjMwT3FyUnhxZllsNVlnNXB2dEZjek16V0RQVDRqOWFVajJTSzhMVmhid0hIMjJUdm4xZGgzQTd4SkV3NUJVaGlVclZOME5uZ0IyR0RkaEo0RWlLbEZ0clc0UTJaaG9vVFBvQ19uUFVkLTdoa2lQbW14Ty1VMGljN1NGV0JhcUZPeURNZWFHbVhnVXhsaHkzUS1kUWxFRW8zV3BhUXk0Y1JCdU8xN2NYME9oT2k1YlVVSGNLM1RCMnNJTkhOSERRWTBxYmpUS1JyUGRVQmtB0gH_AUFVX3lxTE8zcHdoSGhCaWlaemIwRzJTYVpSdUF5WnJmczlFSzRCZXd5LS1FSW51YmQyWmVubVMzaE9lUGowVmpqVW5xRmZ4b1pJY2hRdkRRN3llcVFYRXFTUjg1NWFPV1pZSVY3MklxSUplSGFFbEdkNlN0WmE1Q0wxSzVsR3NPS2h3MHhQNVpTdjBkX1ZEa2RhbVVlRGptRm9zTVo3ZnNPMDFNMXFVWDZRQzk2QURrenJnSzBLX1JBV1B5UUxnTDl2VTNTV1pfZFVleVlBb0lnQTY3XzF4bkphRUt6Y1B6X09RQWlRckd4aVh4Znh0VmlVYXFwV2ZFVlF6X2RQWQ?oc=5,2026-02-03T08:00:00Z,India's immediate end of Russian oil after US trade deal to be a big disruption: Moody's - The Economic Times. India's immediate end of Russian oil after US trade deal to be a big disruption: Moody's &nbsp;&nbsp; The Economic Times
3fddc8b69f0b2bc9da23,"India’s oil imports from Russia fell to 44-month low in January 2026, Gulf countries saw rising share - The Hindu",IN,RU,GoogleNews RSS IN-RU,https://news.google.com/rss/articles/CBMi6gFBVV95cUxNRjdxR1h0Q2t0T0t4LTBLMjY5aVZmamVLOThvRFJtNU8zbmVsbUQycnAxSURfYTJnMjhrdjVvcnVLN3dyajU0UEgzVlpIQjFnTDVYRUdUbENlN1Q5RXlOYVhxSlVNOERfMWh1cDNRb21TTUZINFVUV3F3bzRzTUd5TndMMWU3eldqZVIyQl9fanVKRm1vajNDQXVCN2NCYUFhRGRnZWUyR2dmQ3Y5QklUd0RUNG5UODE1T3lpSWphSVJRYTk3V2IzMUZnSzZzbThqZnhpeXR6ZHdFRS02RksyaWxsaFYtS0JoWkHSAfABQVVfeXFMT3g4OUNhcWNLUG5TZUw5UXRibkNhN3ZkV2JOZjRja2tQdGtVTE5laVFGVms1dHV2clB0T0g4QjQ2bFhpam14LWR0RGI2ZDhMYmJXNmhTaTJ6a2sxS2pleTVIdFdoeW5FX3MzbFlKQW5pN3RYbG5LY25URkt2WWxOZEZSc1B2ZDNRMjROV2p4UlVaV2I0cEU4bnZHTEJORVJUQ2hIZnJHNl9Pa2FNd3hDcjFxV293TGdqNnhaMU8wLTJyYnZSdzhsclh5d3duWFdxUmU1c0VQd2pEM2ZDdFprUHh3UExoZVpELUFheFBMUGct?oc=5,2026-03-02T08:00:00Z,"India’s oil imports from Russia fell to 44-month low in January 2026, Gulf countries saw rising share - The Hindu. India’s oil imports from Russia fell to 44-month low in January 2026, Gulf countries saw rising share &nbsp;&nbsp; The Hindu"
a4d0c75491e1d4df91e3,"Can India switch from Russian to Venezuelan oil, as Trump wants? - Al Jazeera",IN,RU,GoogleNews RSS IN-RU,https://news.google.com/rss/articles/CBMiqAFBVV95cUxPblg4eTA2UUQ0YWJlTnBZa3V6Sm1pZFppMXVyU1VyMDBpclhYelF4ZlFlQkUxN0NLWDI0bk95WExiYXVEa3dGZkxMQjFTenphRmx0WG52UEMxclBxRkhXQmtidEVfcjFEWFo3Nm43cmNtUFVQdlBfazRsMU9NOUFQX0hiMHFXSzZZMXhaWmQ2VlFGRmhMdTV1cGVaRmlQMHJKSEFyTDF5ZXbSAa4BQVVfeXFMTTlDTWV0OWUyUktEY215Yy1UYjV2YW1fWTlJYTdIeG9qMW5odkJVT2Fza1pPWTJjMHBwNnRFaXRveFNVcG85MDh1RTgwbDA1X3BHQ3VOanpycGN0TVdid0hUQlpkNEZWVUxWUU1jelZKdXgzbWp0Z2xaWm5zdlVKelpoUHhvZ3lWaWpLWkRBbThiUGU4MG5KcUhpZF80NTk5a0FnellLa2VJOThBZ2lB?oc=5,2026-02-04T08:00:00Z,"Can India switch from Russian to Venezuelan oil, as Trump wants? - Al Jazeera. Can India switch from Russian to Venezuelan oil, as Trump wants? &nbsp;&nbsp; Al Jazeera"
efb2817c54ff2e2e0267,"Oil Energy, India-U.S. Relations, and the Russia Conundrum - Council on Foreign Relations",IN,RU,GoogleNews RSS IN-RU,https://news.google.com/rss/articles/CBMijAFBVV95cUxPRmt5LTVSaFZ2OG9hUXdOSW55OS0xLWJPTkxpUFVoMVo3ZFBMT2MzZlI4MUtUcjFQLVAzTm1oOTlGdFhCSG93cXppME9KbFh6dDRMeFhwekRsbUtfSFR6b182QUtoLVdKV1FNd3FLNUVWZTNFdVdmYkFLUjVGZ25MWlhNdHFycWtYSUhHdQ?oc=5,2026-02-17T08:00:00Z,"Oil Energy, India-U.S. Relations, and the Russia Conundrum - Council on Foreign Relations. Oil Energy, India-U.S. Relations, and the Russia Conundrum &nbsp;&nbsp; Council on Foreign Relations"
56739956600a5f8b65e6,Opinion | Trump's Claims vs Numbers: Can India Really Replace 87 Million Tonnes Of Russian Oil? - NDTV,IN,RU,GoogleNews RSS IN-RU,https://news.google.com/rss/articles/CBMirwFBVV95cUxPNTBISUhra3BGMjR0bllXY2tRYjdCVjF5Q3VycHdoNkRaZ0RBU29Qd3BLYm55Y0VFZm9WQTdRVFNQdVItN21RZEY3T0lyZWZCd3cxd3pyZDFNdHo5d2VtZ2N3V0oyS3JSWWRlbUd3VHpsaEhFbk90SXFLVW5JSmNFSHV0QzZyLXo2RmpNNEx6dTNBZ255eFZUS0NKWWp1V291bm0yNVE1QWJfUUFFcFVz?oc=5,2026-02-10T08:00:00Z,Opinion | Trump's Claims vs Numbers: Can India Really Replace 87 Million Tonnes Of Russian Oil? - NDTV. Opinion | Trump's Claims vs Numbers: Can India Really Replace 87 Million Tonnes Of Russian Oil? &nbsp;&nbsp; NDTV
69c88a54c3bb0a612876,"If India stops buying Russian oil, what it could mean for Moscow’s revenues — explained - The Times of India",IN,RU,GoogleNews RSS IN-RU,https://news.google.com/rss/articles/CBMiiAJBVV95cUxQQlYyUUVDcEZxTEVUY1RCRnhOVVptUVBKSElWOGR5QzFRdmxnY3EtN19jVXBnc1R0UjVSMWdNYkQxSDY3RUI4M3duS2lsNmNHVGh0S1YtQWJXWjEwbm50UVdNWDZ3ZUNibGd0WGNlTW94U3JfWlB3VDRxVkQzeHJUQkpCbGgwOVc5MER0X3lPQ0hGbVJzYmZGeDN0N2xiOHRucV9rcHI4aVNhZGd6ZzhkdkFLeFdtRzZoR0FrVUUtY0l0NmItc01DcmZfMjRvYmwxUmh0Ti1VMTVsUU1EMF9SeFgyMXBWS2tWalhWRVlQdlY1czM3ejRWbTMya0k2VlBITElEU0h3UnjSAY4CQVVfeXFMTWFlM291WmZpYkQyZFNxT05RV0hfNWhfMGg2TmlOREFoRjBWUFRad0pUbGJNY2NoUWNPQmN5WXZhRGlhNUprZVRPQkkzaTRQNzIyV1g5dUpqY1pudExFQTV2LVpMV0R5SG5BaTQzNi1oYmdwZlFVejlheENXVVpzWUVwMjB3YmlUbk9XWWVrVnJ0bU5XQ3RPSDEtdTFKb1hEWUNkaDFvWUFCMkliS1pjRE5sMTEtU242ejIzYmo3ZEMwRzIzQ052MEZvVWNUWUNuSDNyMjZXX3RQU3F5clYyTFBFaVN2WEdScGloQURWcXEzOGZ4UFZqTEZBRFhYeHdBRTM3S0pWd0V1RGlGZUpB?oc=5,2026-02-04T08:00:00Z,"If India stops buying Russian oil, what it could mean for Moscow’s revenues — explained - The Times of India. If India stops buying Russian oil, what it could mean for Moscow’s revenues — explained &nbsp;&nbsp; The Times of India"
cf10b4582fed448b3f8f,How the US Trade Deal Complicates Indias Russia Equation - TheWire.in,IN,RU,GoogleNews RSS IN-RU,https://news.google.com/rss/articles/CBMimAFBVV95cUxNaXFTblZKZzAtejZhOThFWFpmcHFxUll2b2EwdTZHVGMyQm5ZUDhLckhpQkJUNzdXcVRHQ05LMzlvbHF2SjNHNkRZUEpJanRTUEhJS1NscjNPdWJxNWMzWHBoUXZXZ09PVUtkQjNoN0oxVlZhd2lWNVNkb2ZNNnBfdGdtQVRoNENsemJhRnRPNHRhWElYRUUyctIBngFBVV95cUxOMEJVSTNTNHRINUxOeVB2UHNrM1VzWkQ1M3BVVl9iM1ZIMm9tUkVpU3FoVzhFcmpwb3pQNEk4ekx0UU5mR045U3FPbXBXbkF5SE1zSlloczEtMmQ3QXZqZEdJN2k5TjY5Qlo3cFRMM3lHVnBHRW9mX2ZkTnhzSUZNUms2SVNCcDFtY2Q5VzRBd01WVWtpQW05eTlNeGVIQQ?oc=5,2026-02-05T08:00:00Z,How the US Trade Deal Complicates Indias Russia Equation - TheWire.in. How the US Trade Deal Complicates Indias Russia Equation &nbsp;&nbsp; TheWire.in
2edb96ceb6955a1357c5,What happens to India’s Russia oil imports and target of $500 billion imports from U.S.? - The Hindu,IN,RU,GoogleNews RSS IN-RU,https://news.google.com/rss/articles/CBMi3wFBVV95cUxPc1lWSVBfNktJXzlsTlJRNVA1aDNZLWszX29OSGdJX1otOUJiRUJINzlUYjJlRm1OWW56cHo0c3BzSTVvV2JkWXR1VUlHejNWdmpiQ0hIZkc2aXFpNHEzOGZaWlpidElRZ1Q5czkyYmpwQ1RLV3F0R2M3MjRMZmNZUXktYlJhcUh4QzVtMXhYTHdQYms1M3B4c2NGS0lvbEFMVi1EVzQ2Q3F6RXRFRVNoX3dKbGRrOG5ya0E5bkVjY0hPT2hNc3pHNEhOQTBRVXEzT1BtRUZIeXYzVUdVNE1n0gHmAUFVX3lxTFBXNlhZRVlxdVNtM2lvTW9tMUtvME81RWp4WnQ5dUltbEZabUlKbVdfakV2M2JJWER0bDMxMDV6QmlkOGlXM3k4d25DYTZ4NHZxX2ZVVWRWRzlPMmt3UjkwN3FKODhwaHZ0NXRqaENRbmZPaHFQWUpVWDB0a29MRU5QdzN1ZHpHTk9JS3dXSExid1hPLXVTRmN6dk55QUQtY3A4OUtuX2Rpb1NiVzNpdExyaFY0ekZQb2t6SEVUYUpfT3dKb1RvZ2Q1Y1lMeHEzTGFXVmdBNjBEVzUxeXJJY1BaTjE2aXBR?oc=5,2026-02-23T08:00:00Z,What happens to India’s Russia oil imports and target of $500 billion imports from U.S.? - The Hindu. What happens to India’s Russia oil imports and target of $500 billion imports from U.S.? &nbsp;&nbsp; The Hindu
2b47e8297e18f8ad0277,India–US trade deal: New Delhi may scale back Russian oil buys after tariff relief - sources - The Times of India,IN,RU,GoogleNews RSS IN-RU,https://news.google.com/rss/articles/CBMihAJBVV95cUxPU0FNaDZGdlRPdFowZm1Mdk1RSGJHd25mMkVvemVET1hEeUJpVG53Ti0zZS1WNDF5WHBmdHpjb2x6VTA2NktzdmpsUzdaTnlaRGw5NVAySVZ2LTdFQ01iQ0NBeUk2b0ROMjI1SDhmOTR5TTV3c2puU0RLc21GdDl2S0RwUjRrdnZaYWpwRWRTT2lPWE4xT2l6Umc1TXJxcGVGU1NsV1k2dTJQUmJpN3EtUEJXZXFOZ01NYk5VaDdMNmZfZnJMS3RNYk1Tazd5eWRtWjJTYkItdW5nbnNxX01kMWZxaWNrOExRdFNBZS1ja2FiRnppZzhVMGh5ZkFNVUZFYWVSQ9IBigJBVV95cUxOZWNCbVE4M2ItZUpzYjN1UmRmRk95NmhiY19yTXFoOVZJdFFlZFpHTXFEd0FPLVNvN04taGwxRlk4M3BZQnZUUXBDcF9VRWJ6VHg3M1hUWEtfZ1Ywbmw3b3c0NXNpc3pQd0ZORHZMX2pHMEVsQnEyQV9OVVRVdFAySEFDTjVvUzE0b0hhLVRTbzVPWlJDczlFRDJ4ejJvcGlaV2VsUWlWZ0ZEcnZmUjlIZ1pCcnplNkZRVjNINm8yLTZPdHVuRk1vamllRlA2c3liOFBZOXJwa2ttMjRZWEU4ak9ZUTN4a3JUbGZNMHhYMFJFNzE4a2FrYWZZTVZVOURsNFR6RkI4LUZ5QQ?oc=5,2026-02-03T08:00:00Z,India–US trade deal: New Delhi may scale back Russian oil buys after tariff relief - sources - The Times of India. India–US trade deal: New Delhi may scale back Russian oil buys after tariff relief - sources &nbsp;&nbsp; The Times of India
5080c092f3973bdbe445,The Russian niggle in the India-US trade deal amid the celebrations - The Economic Times,IN,RU,GoogleNews RSS IN-RU,https://news.google.com/rss/articles/CBMiowJBVV95cUxQRFNhVDZpVFFQRVFYcUMxaEU4N2oxY3NfcFpmVDdZVzFhUjNUaE5Wa1NfVFFSYnZ1V3M1X28yaXpDT3Z2dldvSUl3NFh3NW9yZFJ3M0sxbERiTW9TZGMtV2ZCTmRLc250MDB5eGlMVTg1T29SaThlekpMaVpFMlNSX0dmTGhPaVpvejhvRk1CMTBiczNnRER6ajdtS1l2bnM3NlRmV2hjaHFDejlpcjYyN2I0bmpKVmxuQ3lJUG50T1g0MDU4YUY1TUp0QUFqN016QmhtVFc0d0ZlcUtVaDhhbUlLa0VJSHdGVnQxRTFLeVJ2Vm9IeFVWNFJfWmRCaGdPU0VneHg1Y2tRY3QySFdHMzZ3TDJ6eHlXaHhibHo3Nll3Vk3SAagCQVVfeXFMT3lMaFBGNDRaUF9EcXJueHo2QWMxN3lUZW1lMXZpR0kxMmJualMycVlBTWN6MllxQmRPOGVWTTh3SjdrZUI2d19YQzdMT3NwNzc2T09CSzhrV0xjZnUwQmpJamxaS2x1a2ljOXlpeUV1WjkwNy1HUWt2d0tJSFQ4UlRNb01xdTJKN1puSTFzYS1uVl91T0RHYVRWeHVZX0RxQ3UzN01HSXpNZFhOT0VTQkNkXzltaXU2LTJMdDI5d3dDX0dLbWlVZGJLdkRiVDhRY1BMcXA3cFVPRGh0b1ktRlhBZHgyeEdfamJDbExMRjAwX25iZHF6a2NsQU5EalFtTmdIX2ZvMG5PRzRtYWdIdnZyZm8wRjF3aXk1UmRDR3BHNldlT1Z1YjU?oc=5,2026-02-04T08:00:00Z,The Russian niggle in the India-US trade deal amid the celebrations - The Economic Times. The Russian niggle in the India-US trade deal amid the celebrations &nbsp;&nbsp; The Economic Times
137ddf6c3b0e4bd3fe10,Trump Says India To Stop Russia Oil Imports After US Trade Deal: What We Know - NDTV,IN,RU,GoogleNews RSS IN-RU,https://news.google.com/rss/articles/CBMiuAFBVV95cUxOc2E4ZWJ5cWtRcW1VOTVmRkJQSnFnTHpEeEF6ZjA4cnh1VWdnU01tLVI1LUpCMnllQlFGanZZTlM5MmZaZ2pydnFNcVQ0Um1OZmtTM3ZlZ3RwLWl0cjYyeW9NdkIzSkh1RXVFUmx1QjZRZHNER1pXQzV2a1R5cjdEaFNEbFRyNGw5WlZybzd1cTF5SVN5eGJYQ3JuTF8wUnhWNFpiUDJzVVJMT19pUmh1dEpMSHFSbGxx0gHAAUFVX3lxTFBaV1FtUzFmZG52eExka2JLWWgtdFFHUC1IeTNoSURIU1FISl9SQV9EZFRaNjRrdW9SbXFCNktvSlpsRHJtdXR5czR0bHpiWkhaTjFNRll6R1lXWnJFVWdrOERtblVmd3FUVXg0YV9zaWxuUWhURmtmbmN4dWVreTZkX2pIRU5rQzJJMHVVZm54Yml6WFp3NEk0cVY0UG55X2luYjFRcUNma3hXN2RuOXFSVTJtYW5aZTRpZ0VQcWdUTA?oc=5,2026-02-03T08:00:00Z,Trump Says India To Stop Russia Oil Imports After US Trade Deal: What We Know - NDTV. Trump Says India To Stop Russia Oil Imports After US Trade Deal: What We Know &nbsp;&nbsp; NDTV
eb685f467dff25fed522,"India importing more Russian oil could help, but earlier discount may not be available - The Hindu",IN,RU,GoogleNews RSS IN-RU,https://news.google.com/rss/articles/CBMi7gFBVV95cUxQTHA1bWZKUmMyT1B0bDVNUzdSaDBuM1M4Z1lvSUpwNS1aYnFGQWluVWptRG0yN2NkclByRkRuWFowbzEwcTZEWjJBbTZ2c2RmUHZCU2dJOTVXYWE0MnI2VGpIbWRGV0F6QWlHSUNFUDRSbmhXUnNPYWdYZ3BHWnotZlVVT3k4cEZWcXBKVFl3MFdQY3VwR0ZaZzJzY0htY0FqbHVRY3I4cFdwQmZCdWZ2TVIzOS1LTDVlNVhxOWhNMGtJN2FYUFFWZnNlemNiSjdsMjJucUhpdGV3NExWaGJfd2JyempycHdESUdqdmln0gH0AUFVX3lxTE1ldzFQX1JXem9CUDNUdkRuUnEzWlBFcTRpVlB4MUN6V0VJTlpWZFE1ZzkyMUZOdnJTU01vUFFDa3ZIWGM1aHhsX1d0Ry1nSTBPbmtneF9HbmFaSXhpUXRlN2NxM3lvbEpTOFlJa2g4NUZ1bWxUaTZleW1fVXRYRFpyd0pUeGI2TXBNaS03bnhpTXM3QjA3TDlxVllCQzkzR1h1Slp2ZTVPOFc2Zm1wNklLcVVIM3BtUkx6NDJMeDhwZ1o2dHZRODRjRzR0Q2xycXJpOE5GdFFjbWxEbjU0UEFyRGVjUGdkOFFDUEd3QW1Xc2gxWUM?oc=5,2026-03-06T08:00:00Z,"India importing more Russian oil could help, but earlier discount may not be available - The Hindu. India importing more Russian oil could help, but earlier discount may not be available &nbsp;&nbsp; The Hindu"
c7dff42ae476e08834d6,India's Russian oil imports seen halving on Trump's order detailing trade deal - The Economic Times,IN,RU,GoogleNews RSS IN-RU,https://news.google.com/rss/articles/CBMi_gFBVV95cUxQRjdBWWd0Z25RVWNKZ1pINGxrWkx4bUszbVgzS0dYWTJFUXNfSGgwRGxzTFBIcGFFdDZ6ZDFRQy1OLVBxbHd1UENmSEFSeERVek1vY2pvalNfa0FBZnVJaTY0SnN0UVFPeWdqQ1QyUnZLS25Qa0YzSm1jVzFDeGRDdmJhNkg0NTN2ajFfRjhHYm5vZjg3ZGRkVHlUQzJZUzBUQmw3SnoxSzV1QWE5bE5sUHhiUmZ3X0lFSTRtOEh3OU1zeDRSMDJSWEFZU0V1b28wZVlxWW5waGFEMTRQNmFkYzR6dVl4aENxUnFDeGU5MjFTTmh2a0hJWkE0Mzk4Z9IBgwJBVV95cUxPRTVaYUdudDlkdE1mVGZBS0RUZnZLNjZGMzZZR2EwanV3U3dmN0JRSnR4VzJFMWNiYnRnWWhzLTNaYUNqeElzMWJCcFpSQnBfYmRTWHpLMWwwRG9vajhaRm03STZoRW5majRiOXN5cXI1R0sxU0RURlBKajVVcEpTb09IYTNFdGxrWHFzUWdNUzh3cDhBMVNHcU82NVBsRktOU3JCa005VmZ4Y3otM3hyOVlwUFlVb3puaGl6dXIyT01KY21ScWdHZUhEaWx0T09VZldCTGF0QmtDNDJtczBzY0NMcFlxd2c2a255UXJCNjN2bUtLa25NTGFTaUNUTjlrWkRZ?oc=5,2026-02-09T08:00:00Z,India's Russian oil imports seen halving on Trump's order detailing trade deal - The Economic Times. India's Russian oil imports seen halving on Trump's order detailing trade deal &nbsp;&nbsp; The Economic Times
947229c3cfaadf53ec64,Iran Israel War | U.S. issues 30-day waiver to allow India to purchase Russian oil amid West Asian supply woes - The Hindu,IN,RU,GoogleNews RSS IN-RU,https://news.google.com/rss/articles/CBMi5wFBVV95cUxOOHc1djlTWDJXVlNSd0VaZFExYmY0WENMUEtqY1BubjdLR01ka0pSUExOT3E4N3RTeVFGSloySWFmeTV1UzEzQTNzSzRlQXRWZEZCNmtnTkdsMUJiV0M5SzFoX2V0SjNISmdTLURiaFhudzhjTTd5T2JnbVNLQ1FNUmVHd3VkNWo2bFVZT3VCQUxFb1ZxNUs3VUN6UjNPZ3NyQUFYQ1MyRUppdkhOaXlGR1RxcEhwOHNjTUJZSkstSmkxSFpRX2FOQTY1aU1QQjFUVlptWWl1elBlOUpVcFp4c1pIVmdQVWvSAe4BQVVfeXFMUDRmM1N3SWVfMEZSZ0RvcEtkOXRiXzZLdzc0T1Q2NlJRakpZSXVoTVdfQ2tCS19WRVVyN21xcHdUcklQSmVJT2ZoTDNSQVY0cUpCczc5QlBSWTlLV2d0ZWFoNnJnNXRvSlB2VjVJSlNMWm5xX0lBRVBwYTFaMjZmY0xZMTFtYVhkN1Q1bmpabm4tNDdyQU5ueS0wSWFyQ3dUVEJ3QzgzaXNrbjFRTHE0aXRVM2FyV3U1N3RueklJaGFEd2pvRGZKdmhWbFBMYzNvZ2p0UFl1LXVHTU1RUUwzNnNtRnhHeFhDRjlNVkpKUQ?oc=5,2026-03-06T08:00:00Z,Iran Israel War | U.S. issues 30-day waiver to allow India to purchase Russian oil amid West Asian supply woes - The Hindu. Iran Israel War | U.S. issues 30-day waiver to allow India to purchase Russian oil amid West Asian supply woes &nbsp;&nbsp; The Hindu
cc1496b7aea3c2ce7206,Russia oil’s unexpected staying power in India extends into 2026 - The Economic Times,IN,RU,GoogleNews RSS IN-RU,https://news.google.com/rss/articles/CBMi2AFBVV95cUxNZ1RuMGdSSWVTWnZJNHZGa0ZqLWd2Y25hQmhNdktlc2h0dXJpNVN4UkZwNzRCMUcxLUd1Zlo5dmNnQzNaenhTVGxiTzlNQXVyYVFFU01XQmM1VGZKNksydXVYa1R6MkR2eVV3c3FWRGN5QWlVbUtDd2J1cDlTTTItaXFwLWk3RThmRENkTFQzNTMyWnVQTW8xaWozMWVQVHdJRlNLTWFLQ3NuMW84ckExdHFWbVNzS0NnSG9OdzBXbGFJZDlwdEt1eEJ5Njh1NDNsMnVDRFJzcWrSAd4BQVVfeXFMTU94ZWZCR3lMb1FaVjV3TFBmZXIxQzdxSEk0U3o2QTh3UFc1bl8tVjNLU29IVVZxNF9Oa3ZuN3ZzdjNhWnA1LW12bzQxdjB4MG9FNEdHZDFWdHRBZGUtTlBFbEFsTW8tdmdIVjlrMXhDa1lmb0hhb1hoNzdWUnZNM3E2QmQzcERGbmFjNFR1ZHY3SmFKS3lWWEFHbi1NUGNLYmN1UXFIMXhtb3EzcFdvWDJCbmVnMTViM0RyRk5PNHRBdkdaYVdLYlkxTjJ2UktCb1FNdGVNTXFiTzJTWWZB?oc=5,2026-01-27T08:00:00Z,Russia oil’s unexpected staying power in India extends into 2026 - The Economic Times. Russia oil’s unexpected staying power in India extends into 2026 &nbsp;&nbsp; The Economic Times
2cde844b48718c394734,Millions of barrels of Russian oil are already close to India - The Economic Times,IN,RU,GoogleNews RSS IN-RU,https://news.google.com/rss/articles/CBMi2gFBVV95cUxPX3pfNDJ1UjV1bzJlbGJ3TUppWWhwek5IdzV4MjY3N3EzT2lSM0s3OWN2Mm9VSE1maWdTVUE5Y096V3V2amxleGZ4RkJST0FxdHdpMUQwd0FQUWY5a0ptMFBld0dKZFkzM011QW55anJsMGZ0OFFFS0FHT0NSUndBNGVVcTBQZl8wb3RfVTFQRE5uSm5qNzA4bWJiZ09BZ0wzODNUcUJ3cjJkU01XbXIzZ2o0WG5LM21yVEM5b2YtRV93aGhJM1UxQUx1VzdWSkpQaXNNLUVUTG4yUdIB3wFBVV95cUxOcTdxb1hsTHRYV1lMemttRlhkcG9iU0Z1TElST21tVklMWElsLUhMR0hKZDdHeXlXb0tZX3NUWkxSRUxsZ2M2VWZ5VlNPbUxKUTFhYVhscnBSbG5teFBTN0g0dHNwek9hd1dTbER2UG43REtQR282NWRHQy1SLXVVdE9zdWZIN0VxaDVBSTB6VlkzUjhBNElLdFlmblFSTnROc29kMjBtWV9NaXZjWlQ4bjd5RkVXcldjSU0zNEUxMmwwUFFrci1mcjYyT2hYbkxaVDlsZklFak1QUGhseVdF?oc=5,2026-03-06T08:00:00Z,Millions of barrels of Russian oil are already close to India - The Economic Times. Millions of barrels of Russian oil are already close to India &nbsp;&nbsp; The Economic Times
72ca6b7d4ed33a3f25ed,China's Russian oil imports to hit new record in February as India cuts back - The Economic Times,IN,RU,GoogleNews RSS IN-RU,https://news.google.com/rss/articles/CBMi7AFBVV95cUxNR2ZPLTJtbktkSWd0SGR4dHZ1dkk2YXNSVnBLMnhadjQxN2J5RWszM3NHTk9MTXcyVElnczR0a2pMT2I3MFEwc1JDTFVkTXN5VGxCUXN4cGszdXVrX0p6ZHVEb1cyWHBESkVPeXAxQnFqSVViSDVHS0tuTlg3T1VKTmEtZGZWTWZBNnZ4bDU3NlRTNnFPbUlULTVUX1dOQ3FXS0VKcFRCRFoyU3lKMGZoQ1Q4NWlPUkJha0h6a3JfNmRlbjRsQnF5bEYzNzBiUnQyZGFYWkpQU1NtRUZpYmIzMGZSM2ZsaVJGZHc5ZNIB8gFBVV95cUxNZVB1cGlqa2RxQUdCNk9BZ0dQaVdOQVMzQkhZTG01SHQzbkUzbU9lUF9NYl9RdHMtWGt2Yk44YjB5b2VRakdrM1dXOUl3d01ZZXlBTXpPVF9NNGNlRENkV3VqUXBvQllrT2NiOThUM2hEMjY2Zzl0dUJaZ2xlM0twdzBpQXllamw0NDRfeENLWlRvTlZ2MUpWOGxRQ2g2MHgzRHdsQnBteXZmVEFDYVJwV29fMzcwOE55TGNTWVVYTW45OURnOEtVY2dJak5ySUYxdV9LMTVqcDl0QXc1eGVKVHk0ODFyUk53Y3Y4bHdGWmFuZw?oc=5,2026-02-16T08:00:00Z,China's Russian oil imports to hit new record in February as India cuts back - The Economic Times. China's Russian oil imports to hit new record in February as India cuts back &nbsp;&nbsp; The Economic Times
88ac034e9082148109b5,"India's Russian crude imports fall 12% in January from December, shows data - Business Standard",IN,RU,GoogleNews RSS IN-RU,https://news.google.com/rss/articles/CBMi3wFBVV95cUxQU3hPUDJpTVZOOS13ejAyZmRFM0EzMUQ1SThVc2xKeHZlNldxdDAyY1NzTVl1V0tCTXJhaWN5Wloyd3kzMjM1ZFNDUzFaM09iakdjVEZOR2R1dUw1M0h3Y3pOVU1uVUVFZS1OWDQ2MWlpbmNpT0JuTXNvOXM2Rk9UTTZNcnc3dUtqWDhLNTMtUTFfYWlpM0R2dkVXOFJwSHUydU8xUUVEZDlaLU4zZ0ZNWW1ydWdQQU5HckZySE5BQ1Fhb3RqaHBRV1RwSG9Mb0VabWFLYjVwU2ZCT1Q3Zi1J0gHkAUFVX3lxTFBIRGZrYmRLTXVMc3JYWjdtbDdwekFndmptWXJnYU9OeFU5em1xUUNYUklTT2Jxa0ZHeC02S05vejlmLVpVQVp1QWQtTzFuT3Z2anJEQzJJTkVwcUxWSU44Rm04eFV4OWdOWHpxOGhpTk15ZHhiQVBRVTRtNXJDeW5ORUluLVhMZHA2S0VaYklXTlVuZG53cTEzWWlJZXBBOFVKZTl3Zk1XQktmVnZ0dHE2czFOWHJTWWtlbTUtY3I4Q1A4czMtcWt1anhRNTBjaGRIZ2ktSXNKWVB2anJ1S3E1OUxlRw?oc=5,2026-02-04T08:00:00Z,"India's Russian crude imports fall 12% in January from December, shows data - Business Standard. India's Russian crude imports fall 12% in January from December, shows data &nbsp;&nbsp; Business Standard"
67f918e492067932a2e0,"India-US trade deal decoded: What does it mean for economy, markets & Russian oil imports? Explained in 1 - The Times of India",IN,RU,GoogleNews RSS IN-RU,https://news.google.com/rss/articles/CBMinwJBVV95cUxPMm1lejR1aXp0RWdOZk9tem9GZ0xldWUwOGJFdTFFS2MycUNPM1A2OWVtaHBkTmpUVDlXZ3daQU55VnhrdVhUajFPOThOMDNWaVFjbEZuTkJkT0FyYWtCUTVDZUdmMDduNFdCMW5fNmRoV3ZJR2FZdlZ4Zjh1X0pyQXFiSXhiaDRzY0Y5WEVoNTN5Xzk4UGpyazFiYlJGbDR5b3k1MEp2R1ZkYVpZUnZfTHBrb1NuZ0xMd2E5NXpPeU9XcERWWEN4NS1iMnM4T2xYbUROSW9ESXlFWHFDRWRRNnBmMzBwcW1HSkNkREhfdHJZX0VWLVc2QTN6cjJKQjFtalB6Vk5kYzlxaDcyXzVjZ1J4VUFWR1NxTTdGbHEwZ9IBpAJBVV95cUxNcjZsNTRkYTFoZVYtRmJXaXRvdlFmaXlFdVBsd0NRbFV0cy1IcmVEWW90NTZBUHh1eDRpNTMtWlF4NWNQU1M5OU42cmYtMHh2V05CVlY2WVFlTWQ1TDhJOHgtbVlQT2VJdmN3dW1EelF5YlNzbC1fX09ZTVhLejVnN09manhocEhiaUpILWFWcUV1UTBQb3NXQmx5YjQ4ZkYtRlAyakVOaEpPVHZFNXVCeHlkdXdsYThNeXE4WkhmeU9kWW5qd21fV1JBdUI2dDB6Qm91NU9MZlBubkljYThBaVdUb3Z4R0lkS0s0aVpFMHZObTdySEQ1akx6Qzd3M0xoVHBvYk91UUY2ekprTVd5VjdrcHJtUjM4dnRBelRocFdZTkdL?oc=5,2026-02-07T08:00:00Z,"India-US trade deal decoded: What does it mean for economy, markets & Russian oil imports? Explained in 1 - The Times of India. India-US trade deal decoded: What does it mean for economy, markets & Russian oil imports? Explained in 1 &nbsp;&nbsp; The Times of India"
5ad19b8e73119494bf06,"Indian refiners await government advice on Russian oil import halt, sources say - The Economic Times",IN,RU,GoogleNews RSS IN-RU,https://news.google.com/rss/articles/CBMi2wFBVV95cUxNSDZkUDZTQVBkOGRVSHo1elZOUmxqaXZjTXBEZllLMXFnV0VZUndYUWlMUDJtalBlMmxqYmx1WG9XNGxuel91RW1ZcG00U2JiVEtnQ3lGa21wdXZuVnVkSjFEMmlGM0R6M1cyWFI0OFR6Z2FBakdMWnk0RzJhMUs3SUt0MEdMZXZXX1h3aV9Ja3hsdXdFMVlIZ0dENEwtMTViOS10a0pucVMwVXVWR3d0eDV5RlJrSTU4UnVESHFiZlVCeWMxc2dPeXBVQzN2a1NxcVJoSjBrRFpQdUHSAeABQVVfeXFMTS1oWG13LUlLbS1zaHZ5d2VjX09lMHBISlZ0NnJScVgzeGNKUldNY3lSSTVMWHVsZ1ZFY0cyd1NaU0VMUVhCeTJWTnBHLXVUei1WamY4MzVsVUlPMUZzaXRPTC01bFV3VWdRbTdUYm8wbUM1LUNZQzNtZ000dlp0c1JJY0Z6Y0ZtTlpqRlBqak9VZXpuRERVZnlFWFU1cjZDbzdlOUJSY2RDczFraGs3SVJKdkF2MGxhQks5bTFFdUMzZ3o2dms4ODVOSnkzOFgyckRFVFlvNUpPN3RhSkphcXk?oc=5,2026-02-03T08:00:00Z,"Indian refiners await government advice on Russian oil import halt, sources say - The Economic Times. Indian refiners await government advice on Russian oil import halt, sources say &nbsp;&nbsp; The Economic Times"
58b3073752b5607c4ac4,"India not dependent on permission from any country to buy Russia oil, says govt official - The Economic Times",IN,RU,GoogleNews RSS IN-RU,https://news.google.com/rss/articles/CBMi7AFBVV95cUxPYXh2c0pLOTBRWnp4aGZnUnJjS0c0RVFPZVhMVzhUbURzVENqNElRR1FWOE5IRmVCVVpTV29WM3gzaEthVGJQRU5va21NY3piWmh4cTRWOVdsdld4d1FPM3g5c3VNVTd5dG9lWlV0ekJEQUp1V3d6UlBQbndNVzJPaHJBRFdWNWFCQ1AtRXlUTkhETzRYWFFTN2taX25qSHV4UkVBZ3FpOWNyV2t0SWNnM1M1SFp6STZvaFVxR0k1ZFFOZzJVUUN3MW1yOE9sYjlDcVUtdkpIZ2dQenhqaGxuNnJRbV9UbmMxWldJSNIB8gFBVV95cUxQUWQ4bTd1SUFaeVRUazBCUF9VYzY0blpJUXBGTkhVeE43YUltc3JqQks1UEc4RnRNcFFidWdCUnBGc3pWYllCUjV1YTFwVW5yVDV0ZE1fM2xUN1hTMnQtX3pGNlFsNVJ1akxoakNhTElTZVFqM25VdGNZOEgzQVdCNC1jeWJlLVA2aW1sSUEwNEQzcnJnSG9EOVdraFJWVnFWa1dJaUhBbkxZQzVZd3JTUEVtdW1vR3lZRGViOFhnaGplYUVmOC11b1VJel9WSFh2TDBDWTlrVnZreE1EQUdwUVhuemlRNU04NzJVYWQ3QUhaQQ?oc=5,2026-03-08T08:00:00Z,"India not dependent on permission from any country to buy Russia oil, says govt official - The Economic Times. India not dependent on permission from any country to buy Russia oil, says govt official &nbsp;&nbsp; The Economic Times"
6cdf35438a0802e5187d,"India's Russian oil buys part of effort to be a strong US partner in keeping oil prices stable, Sergio Gor - The Economic Times",IN,RU,GoogleNews RSS IN-RU,https://news.google.com/rss/articles/CBMisAJBVV95cUxOckl3akVpZDBLajB1eHFvSXlBdkhxNFZtRFNOVWh1bVU4VzVTWnVoOHFOVWVpS29ScDhDbllaM1kwb0pRelMybDNnSHZwVDdZY1lYOVJMTHQwZmctM1l6dVN4RVFQU2ctOUFXRFh2YzQwWTY1QWwzRGsxOVJDZU5EUmVTVkU2c3JxZDNtWUd0VG9NS3JjeXpMTFhjRkZvRkNFT2JTMXBQUGhXUzNUU19oQTFzWmNubWVCX1dLQ3hQa2d5NzJrV2cyeGhaV0p1Q2dnclZPSnpjTnJuamQtbDRJUjBZbmhXYlU2R0dFajFCcFo2c2M2RDM4Z0d0TjRlcS1qUi1VUTdUMzcyakxQRThBOHpaN1UycUZEWmxJd0I5WVk3aWhtbm56aFBqNGVBOVJs0gG2AkFVX3lxTE5BSUx3NXpWTTRhdHlRUzdzeXhZUnN6ZjFCVmVYT3A5YlBfT0dMWlEtZERKWDlBV0hZN1d0NlJZamFWTUp5MFRPY3o2WGVpejBnQkxMOFREUVV3eF90RTBtZ1Y1UmZSS2R2M3d1ODFxbVg3WDNVZ0FWa1hXOEpZQXhuNElzdkF5V3JKb1dqTlZrUExoRU9TNjhZWGRVbDg1dGxHemoyZVB5Si1TQTY4M0xzMzdYb2JudkJNOWZnOW91YlZ4WEhqako2dm0xVW9vZEVPZUZZY2ZlYnBXWFJOTlZPWmsyUXNLd0QyN1VyUDlWX2o0UkxlOERiejk4WC1fLXc1M1RhYWVzOHdQbF9JV1NXR1lweS1vajhkbG55U2pDX1BaLUh1TldzQ0FmdkJrZW4zcVNFU3c?oc=5,2026-03-11T07:00:00Z,"India's Russian oil buys part of effort to be a strong US partner in keeping oil prices stable, Sergio Gor - The Economic Times. India's Russian oil buys part of effort to be a strong US partner in keeping oil prices stable, Sergio Gor &nbsp;&nbsp; The Economic Times"
005cd3af4708c4a4fadf,"India committed to stop buying oil from Russia and get it from U.S., claims Trump as he cancels 25% punitive tariffs - The Hindu",IN,RU,GoogleNews RSS IN-RU,https://news.google.com/rss/articles/CBMivwFBVV95cUxNRHdBQ3c3a2pxNDdNMFhfZ25vLXhMUWM1UGVNRzA3NWw4RmlZX2p0RXhuVmlXc0M4TXlDTHo4SlVpSlJfN3ZZNXFpZXhoZGhBUEZ0ZkZ4YllVN3I5c3Vyd0RqQlJwZ3lwR1hZSlU4ZERQY19HdS11N2pSVzRSVkJFV3YzQ25zcTA3U2FWaVRFMXBKU1FPbmFXcFdpZFlsMjljZjJTM21RNzM3NlhweUZwc0hLWTl0cE9Cc3RtMHYxZw?oc=5,2026-02-07T08:00:00Z,"India committed to stop buying oil from Russia and get it from U.S., claims Trump as he cancels 25% punitive tariffs - The Hindu. India committed to stop buying oil from Russia and get it from U.S., claims Trump as he cancels 25% punitive tariffs &nbsp;&nbsp; The Hindu"
9b9fa5436c3b0b7887a0,India’s Russian Oil Trade Endures Despite Mounting US Pressure - Bloomberg.com,IN,RU,GoogleNews RSS IN-RU,https://news.google.com/rss/articles/CBMitwFBVV95cUxOTHRROE8tU1c2WjVaZ1U2Z0pjN19rWDhfd2FoRXlfcjRHVDBMeEJBMy1uYl9ONjNnRU1OR25LX1FaSk5aWm5pYTJwLUppb1BEQ1ctNlJnLTM3MENxb2o3U0E5RVZRZzR5NjJUYXFzdDZtMEF4UVBsU3JMQTQwaUl1NDlCVGZ6ZkkxejExSElRZDVsa1VaUld0eWFrV1lIbHBxcjgtbkloODlUcDl2aTRuek9vT2l3dGs?oc=5,2026-01-23T08:00:00Z,India’s Russian Oil Trade Endures Despite Mounting US Pressure - Bloomberg.com. India’s Russian Oil Trade Endures Despite Mounting US Pressure &nbsp;&nbsp; Bloomberg.com
61cb52b397354ddf5561,India holds line on Russian oil with Trump’s tariffs in question - The Economic Times,IN,RU,GoogleNews RSS IN-RU,https://news.google.com/rss/articles/CBMi5AFBVV95cUxON0N1ZjVWdFIxQ0UxWk9aQ3h3SmFLZ0h6bGdfOGxMUDlYUFd3N3dqYmRjX1NmNmpzR0JUVDBiblZnRXd5V1VRR3hBTmdKLXVaQkpwTTFnZzlwMGoxNHJKTGlfWFlIQjhTMDZWX0diUWJkRGpScmlHOF9veGNSaEl2SGlud19HS3I3MkJORXJ5THlwUDBqeTFXM1FRTG1JcVg2SVVQTnMxeHhSdy12N3ZTbkRQNWFRRDNRaW1OX0ZTZU93TjRNREYyNDd2UjVWQWlrcGpoVTlMSFhSMlF6Z1VHb251QTTSAeoBQVVfeXFMTVlIMElfSTZTOVgwVktydEVSSDFCTTFQTGl0T1dnM09TNTBJQ1l2MXZuSWg2VVNzbG9xNm1Bc0Y1SkoyOFBsVU1LM2VLR3VjaFg1NkdieUdRWV9TMXpBSjQ5WTJoVU84TDFiRUUyUTQ2Z045QXdsSGFpdmhXamE5TlZJekNNZWI2STliVUZBaXJyWDNvd0dEdzVWYzlLUW5qX29yb3RLZnlvTVBwRkxQMFJ3VFVFRUd3d3R3UHE3UHZGTkhGRG9ybnlDS2k0RG9pb3hYNW1PbmFzR0twY3BFeF9HZXp3WE15ckRn?oc=5,2026-02-26T08:00:00Z,India holds line on Russian oil with Trump’s tariffs in question - The Economic Times. India holds line on Russian oil with Trump’s tariffs in question &nbsp;&nbsp; The Economic Times
de2e9eb28f484c4c255d,Russia still rules India’s oil chart and Middle East war may keep the flow coming from Moscow - The Economic Times,IN,RU,GoogleNews RSS IN-RU,https://news.google.com/rss/articles/CBMihwJBVV95cUxOWjhMV1RuVUluYy13bnlKZWY5YUdiSkoyMDZGYURYVGY2WnFWSDBwZjNJSTdlWnljUzBfNHIyLWh1eGJxR1duVmRJREZGeWVka2Z0Q0JjRFZEU3hPMEhDY2VlSk12ZVJyQ04xbW5XcUZ0OWVBay1BYmxXY3VhOEQzRE5ZempXYjJ6c29ZUDhyY1hrN0s3UEU1SXJ0N243T2VPQUlDdVFmMmdZNC1qXzl4QlJsTC1RMHluMlZJb1R4dFM0LUpxTE9IT0k2NGZNeEs1TXYzQm1qVXhsUUUxSDlsMllYNHVwZmZxLThBcFNBVlh5UVRCQl8wY3MwY1BuUmd1YzU3OEJkc9IBjAJBVV95cUxOODFlMFNXQlY3dkR2T0V3Y2dCMHpRZXQ5TEc0YmkwSWhqMF9nN2w4cUVjRUNycXoyWnRGVHktaXo0b1c0bURnWndHV2U0QndBWjZjM1I2UlRhaE1tdWFIQldBckRMdHhlYzlnRlVyUElRUHpYcHEyLWlUNGZ3bkh0UDNFeTEycmRfVW9zLXl4dk1qTkljcVhwcjY1eVlmSTBTeHItVVFxeW82OWhnY2FZc2hxOWFteTlrSDgtM25MOG5za2QySzlnR1BGSzVqbkMzOThmY05UV0wtbUgyenFySndBcDB0ZlpDZWZVUkRocmFCUmxuVFo5YUZ5RllLcWZRTTY0SHYtQ282a3dv?oc=5,2026-03-03T08:00:00Z,Russia still rules India’s oil chart and Middle East war may keep the flow coming from Moscow - The Economic Times. Russia still rules India’s oil chart and Middle East war may keep the flow coming from Moscow &nbsp;&nbsp; The Economic Times
3e4f9ed03a098c957098,"Despite what Trump says, Russian oil imports to India can’t be wished away after US trade deal - ThePrint",IN,RU,GoogleNews RSS IN-RU,https://news.google.com/rss/articles/CBMiyAFBVV95cUxNQXY2OGJmcGtGQ3ZlQ29tYkM1QzhEdHJBVUt2eVlfVW80RTMwNlpmZXRsa1RJSlVVM3pYcklocjFiN0dRTlBVb2V6VENVa1pZLWVQUzRMaWRrNTVlTGlFNWhoOGo1UHBDcHd6YUpnSnBLbjhFMy1rT1FmUFJla2lJYm1xYXFvRFhtV0FOQzd2TVlrcVFjZndpQVYzenZTcEEtQXRucFhITjdyNHBtalk0TDFZUU0yTXp0OHFGWWk5MzNhVG5YOHpoS9IBzgFBVV95cUxOdmdnaFBBRk9oWFJXTEgwSGlWQ29ZT2dVNVpYdkdEUXVnMTNxcDZRQWRzNUEteG5ZM1FOOG5zaXFPWFluU2FxX1JEVGpTaERGeUl3eFRWQ1VtZzBXZXZoTXlaSTZISkhmQW5FeXlEb2pQMFNFMTU4Y2h6QlRBUHc0b1hWZWpMSkNYalM0bmVLbjZ2eVM4QUVOOW5nWGo3c1o0UHZra3BLQmU4cm5OUjNMZEZPMXE2dWJMdjBzLUlJTUZjdUJEY2RRMFRERGNqdw?oc=5,2026-02-06T08:00:00Z,"Despite what Trump says, Russian oil imports to India can’t be wished away after US trade deal - ThePrint. Despite what Trump says, Russian oil imports to India can’t be wished away after US trade deal &nbsp;&nbsp; ThePrint"
beccce44eae61b400fac,Kremlin says India's oil diversification 'nothing new' amid US trade deal - Business Standard,IN,RU,GoogleNews RSS IN-RU,https://news.google.com/rss/articles/CBMi0gFBVV95cUxPNFN3Z2NlRnRFel9xelNvTVZCVUxtTU94a2ZqMzM2cUZKa1YxcVBjM0hYamRaeV9leUJHNmNMUzV0aTVPVHI2TmVPMnc0NEtLbzZ6U0pjbWU4bmhSeGJxbU84ZlJldEEtcm9rRklyU1RzVVZnZFBSNllNYW1jXzM3QkJMd1gxWG5wa2lpdnBvcXBTNDZVcUh3ejlvZ0RMaXRlU3owMUhqa2FRN1djRVF5U3JDbU1OaDJBUzV6bGVIdU5zMldITE91Ukl1aTRvWHpCMWfSAdcBQVVfeXFMTk91aXQxZlJQeG1jS0hadGtSTUFvSDRIY3BIZTJvZFRGSmZteUpjZUpkR2JNNjRCUnpma0tLOWYwUktzQlBCWjdGYTM2d2tQRC1CY2hSSWlHNzVLY3JGS2U2ZDFnUGI2MFlOX1lFc3pFLUdCNnZxd0kzMjhBeG5VUThZR09GVXlGc3NfaUpBTHRtdXZ6TzQ5S1JiR1FGN0JVdWRZMTJ6TE1UbWdaaTNtYU41aHVPOFNvRW0yRVZXM3VrS0Z1RDNMaXc5S2JXYWpYam8xdjZmbTQ?oc=5,2026-02-04T08:00:00Z,Kremlin says India's oil diversification 'nothing new' amid US trade deal - Business Standard. Kremlin says India's oil diversification 'nothing new' amid US trade deal &nbsp;&nbsp; Business Standard
f16356544a42f3c6483d,No word from India on halting oil imports: Russia - The Economic Times,IN,RU,GoogleNews RSS IN-RU,https://news.google.com/rss/articles/CBMiyAFBVV95cUxPTVFUTEs2RXBhcldSM1NjMklYQUItVjJid0tvamsxemE2amx5ODBxV0dzY3F4NGVxX3F5SHlackxqWmQxWkk4azJVYjZWb0xWdTJCNXhFMUlQU0h2emlyZV9zZWpKTjUxcE1QYTZKQVlHenlRN2RKQ3ZOZ080R2h4aUJYcFJuSHBLSnZzcnV1TVQwWFZnZE85aVNaNWpCV2ljc2tYR0ZXMVZMaFlSN01leVcwSmFaQ2Z5OE1MV1R0VUFHZGtIeDlFRdIBzgFBVV95cUxOVGUxSXd3Q3pBNDFzeUJ1cmF0U2x3eHowb1RyVlp2b2R4eERqRTNwVGJqdW9neVdxbEFCR09fN1JQMnNrNW1veVl6XzNCNU9ESU15SjB0X2wwMlRxcmR6ckR3cUtyUEVXNW5OazRYbTJOa0h1N19ITXdFNVdjU2xNejJUUEdydXRtd3NwZTdDQzNyLUpjN3hhUlhlb1Q5eEU4MHVPejdLT2NhMmZWTGZpWXY4WnpSNm40T1hLb2wwSGNabVg4OWlfVGJxbFM1dw?oc=5,2026-02-04T08:00:00Z,No word from India on halting oil imports: Russia - The Economic Times. No word from India on halting oil imports: Russia &nbsp;&nbsp; The Economic Times
5c6a02f6bbb4c96ae45f,India’s merchandise imports from Russia plunge over 40% in January as crude purchases slump - Mint,IN,RU,GoogleNews RSS IN-RU,https://news.google.com/rss/articles/CBMi2gFBVV95cUxNS2FoLUtRa3JxNFk1VjRyT3Y3RzFZU2RfSEttTzE0aExIQWpISHhVbUcyRkJWcHhna0RjSXFqVUN2cmZpbU5xUHZQZTBBcmVaZUFTX2dwYzd0RjZMZFFEbExGb2M2ZnA1V2h0Z29oQnJqSkY5OGVEd280TXpmdWZoUlBIckE1MVNhTmRmaUV2OEg0THZueFpVRERFamdyT1BvTHNQRkpPeUlqOHp2QzdFdmN6b1hNV1Z2eTUtM2dsdW8wR2RkYk82UnhTQXVaTHBEQm81eTZVQXEtd9IB3wFBVV95cUxNTHNQb1FZQmVHNUpNTVZ5N0hmTGp0VU5pdExiUXp2bG1PUWlFOGZ5cDNSa3prSVRHRlM5bmw0WHIwX0Y5OXlyVkROWFcyaG9TSHNmZThOVzVKd1VwZEpYZjJ2SlpQa3A4dkFYWkxlZUN1OElna1hiaHFlcm9KeVE0QVBEa25UZnBxdkM3a1I1WGdYN0tzdHZIdzdvZi1BTDBtZklna1EwRGw3dU5VcnVEaWFaeG9oQU1QX194VE1CM3lNX1pnakRmeThVUkZzRXZodDdZRkVIVWJma2FtX2pn?oc=5,2026-02-18T08:00:00Z,India’s merchandise imports from Russia plunge over 40% in January as crude purchases slump - Mint. India’s merchandise imports from Russia plunge over 40% in January as crude purchases slump &nbsp;&nbsp; Mint
13aedc3ac65746d7c691,Trump removes 25% penal tariff: What happens if India stops buying Russian crude oil? - The Times of India,IN,RU,GoogleNews RSS IN-RU,https://news.google.com/rss/articles/CBMi_AFBVV95cUxQU0Q3QjU1Rmkyei1PTTh2YnhybERXZlBuRWh2LWlHUDRCOHNaaXk5SHV5LVBLVndkNVNmakEtRldHWmQya3ZqVXJONjJ5OFlISUwzb0ZBQkNqZklHRTBHWGdTQ0RvdmZBcEl2OHFpdGYyRDZlQW1EUGZZVkNUUGJMMy1CcXU0UERMTG9lc1dETEJoT2EyQXVic1MzYmIwNFA0MXNIeHZjRW5OMTNTS0hQZzU1SFg2a05VTEY0T3RwQks3M3ZrS2Y1blJHSnZFa3pGd1dfMGRWU3BDT1NxRW9HMElNX0hPRnVmR0NkTnJ6VEJHTFV5RjZHcnhjS2XSAYICQVVfeXFMTS1reUcxYzIxUUozV0lxOFdlNHdEYkRIVnpNTElwdVFKWW1PSlBwTDdnbERBcWtMVmlGdDFCZXVNcUVDVzRBRmRlZDkzZ0ZEWXY2WTdOMmFVWFN3ZG9qakRqV05oM005UFB4WVhDOEhZNVVWZDlHTHI0dkZiY3dHVm43cVlEUlMzQldyRU9TMG0wTENtbWxRUGpWbFpfN182eVlVWTdhT2dPbjVFOUhvOEZjR1FHV3RzMnpDMGpvOGxJdjRaaUM5Z0VTbzlkWjJPeE5nSTRGUmNXX3NhdFdlRkhseUhaX2dYajBjNkp4blJiMnV1eHhtMHFHbDhXeGNIS3ln?oc=5,2026-02-08T08:00:00Z,Trump removes 25% penal tariff: What happens if India stops buying Russian crude oil? - The Times of India. Trump removes 25% penal tariff: What happens if India stops buying Russian crude oil? &nbsp;&nbsp; The Times of India
b1a968615a9814092a30,"India to restrict Russian oil buy, import only where supplies are irreplaceable: Sources - The Economic Times",IN,RU,GoogleNews RSS IN-RU,https://news.google.com/rss/articles/CBMi9wFBVV95cUxPdl83eE5lbjFlVXFaTy16VFBHVGYzU04zdldUZ0VRVlg5bTNjMnl6bnpDcWlyQUh1a1AxQVhBRlpYMTBZRG8zekhvazZ6VmVYaXozYmdROFB0VUZOTDljQlp4OHR1OUNWR0V5YWM1UmZQWDhCU3Y0aFpCQTk5NWdGWURmNmd2S094bmVVSUl5bTZPZ05ncl9neV82WFVnUk9ZaWlpN1hWRWpFU0I4V3I3UXl6c0dZanBVMzdnU3BPa285dE9OZWdpVDNFYkVPLW1MQWEyUkY5TmY4eWtxYWdTVVNNbnFFQllYSEdiLWpNTURQbXdkUXpn0gH8AUFVX3lxTE9XdmVtZHpfYnE2Z2RaMTlSZG82aTJVZzI2UFp1TTdodUgtSzNiS25BME13MUJXQTdnUjF6cV9JX2puQ2I3QmR1aGlXNER1d3JkUF9IdVBOb3kyOTZqOHQ5TGdhZHNwcWtzZFIxRlVlNlQ2NXBsSVNjd0xOT2haR0NzUXl2ZXpJakZZU1AzVktqUVZCcTN5TjIwNHA2T0c3WUg1c25jUXZfbm5MQlZvYzM0VXExVmFtYk9vZE9ocmd4Tmthd3pPVUF3WkF0cUF4Y0dTV0F4MkRldGVzUjdTMkFtcFFad0IzOVVhMi1PcXZEeU80NWIxbDZuQlp5dw?oc=5,2026-02-03T08:00:00Z,"India to restrict Russian oil buy, import only where supplies are irreplaceable: Sources - The Economic Times. India to restrict Russian oil buy, import only where supplies are irreplaceable: Sources &nbsp;&nbsp; The Economic Times"
c4cc673f4f3271a3f610,Trump says India will stop buying Russian oil. That is easier said than done - The Indian Express,IN,RU,GoogleNews RSS IN-RU,https://news.google.com/rss/articles/CBMiqgFBVV95cUxQc2V5RDl1OHgySGJpSGVvOG5TQkRXM3VIdWg5dEljbFlicU1XbUU0bGIyX1hEb3JJbE85WVdDd05UeVZQT21LN2NEaVdoZ1ZaVEhtQzZuNlYydDhiTHFweHpLUW1SOHZZenhSU0c4OUtGSk41NkU3azU1ZGM3Q1FlWTNnVXJiWkNlTDJIdHVSUndINVFRVlR1cHduTWJZZDRUZEtxWFVaUXdsUdIBsAFBVV95cUxNXzBUZkh6OVAzMW9CNWZzTkFJMk9PN3JqYnZNNHZHdlZoWVNxNXd3LTRkLTFxeG9scnFBODJnTzh6LU1EZEZWRS1xWlUyd0tjeXRtQkhCUGRvY3BNOGFpYWdrQ21OUzFfNnprN2VJVmJuczlsMVpSekpycDlURHppT251SExTQkVFNGhOeEppdWJNLUl6eVF2WG4xckpreGpFenZxUHVxRkhzUEVuTlJNUg?oc=5,2026-02-07T08:00:00Z,Trump says India will stop buying Russian oil. That is easier said than done - The Indian Express. Trump says India will stop buying Russian oil. That is easier said than done &nbsp;&nbsp; The Indian Express
74bb7530d40c3043601c,India will diversify energy supplies after deal with US on Russia oil imports - The Economic Times,IN,RU,GoogleNews RSS IN-RU,https://news.google.com/rss/articles/CBMi6wFBVV95cUxOd0FrQU0wTVpraGNqb1VsNnBwX2hzeHo1VnFNR1hrTUIzb01Yd0JydVg3VjY3Xzc1MVFwR0t3dWRZWGYyaV9jSW5uOG9CUElWOHR5UDRzaTJLZ3J5WWxwTlJVdWk1Q1hFdEgtaXJPd2RGOEF3MFdud3B5QTkyMnZLbW9uX3NWTnVLUzB1TTJaNFdLc21ncVpCa2RhT1ctaTdoNk4zejNsNjlPU3RjenBndTk4LUZ6cVZ0RDVVRzdZbUFvZlY5WUM1N1pBd01lTFZnV29jb0ExSzV5Y1lBUS04dFMzSHpqX1oxN2U00gHwAUFVX3lxTE9pMmY3UGxJb1huQXI4WE5lSzdGcFhaUnN6bjE3N1ZNX01sbEVEWWZzMDVlYThTbGhYRG1zTlNWV243eWJpM0MtR3Y5ZkgyeEpVSDR2WnM2aTdZTU1EWWpPU0ZfdjNsRks5YXJRSWpLdElUdWdvZGVLX0hxeWlFZDl2empTb1I1YlV1alVQRkJQbUduSHNfTTktX1A0aUZ1RV9UZWM2d3VZZ3NOMjNqcmFVcEg4eVVJcENTVmR3MlRIZ0dfR1NFdDExR2t2X2hNeVA3SXZQUTVWM0RaNzhEcVV2dlJMMkR4eEF4RmNlX1dPVQ?oc=5,2026-02-04T08:00:00Z,India will diversify energy supplies after deal with US on Russia oil imports - The Economic Times. India will diversify energy supplies after deal with US on Russia oil imports &nbsp;&nbsp; The Economic Times
d4c3b97c48e049af6d92,Never depended on permission from any country to buy Russian oil: India on US waiver amid Middle East conf - The Economic Times,IN,RU,GoogleNews RSS IN-RU,https://news.google.com/rss/articles/CBMinAJBVV95cUxPMF8zcHdzVG95a0dKVXM3em9fU1UwMnI0aF9EcThBV3p4b0UwbF8tb01qN0tpWHZ4YmRuMWw5X1hrN1JGeTRrRWlMV0FBMUEtbkczNVoxdl93ejVUa2hzek1BeUpnSWw2d29DaTN4c0VHaDM2a3R4RURRYktTUlF1bUk3OWhQcW04bG9hTllkNkVoNW1vRGQ2NjRKVjJQZkV3azkxZy15QlpOVmZMeDVVS0tqWlY4VmxGcEVyLTdLOEU4U2tYMlpBVGFwZThsazVDai1YWlVOSEpqWjNkMHlEYUxmT0VWb0ZjODlvYjVJMlFsRWFMeHpXTmRJb29vZ2tZdm5pdzhnS21CbC0yYU9nZW5QdWQ5NjBXeWx2MdIBogJBVV95cUxQakVWRmJqOTJNWEV1N3NQSGdHRGdKMnplcWhCbS05T0NGalYyTU5VekdINHo0M0RCb04xYlQxcGdVcHNKSU91RmtQNkM0R3R6czM2NmNGN2hKRWVSaUs4UHhBemVPOEhERFc3MXlwb1p6RGVQTC1zZERFMF9Ual9uOFlnVFdDNzdDWktZMFFaQ2o0NTJZazBySXBTRkdGVlpfMlBGVnliVnIyWU1uNnNOc2ZfSUlLVEZub2hzMTVjRkw5bnlTcDN1bFFEWGxmblpHMzh2NE1leEY2b2Ffb2U4VmJvLS1FU1NyWTNyTVhqQ2pZbmxSMFRSLU5EU2w4dkdKRlhUQ2xjVUZxdU9XRUgzMmNOQnd1eHZyWDlLUWxPakstZw?oc=5,2026-03-07T08:00:00Z,Never depended on permission from any country to buy Russian oil: India on US waiver amid Middle East conf - The Economic Times. Never depended on permission from any country to buy Russian oil: India on US waiver amid Middle East conf &nbsp;&nbsp; The Economic Times
4e4706af975c8c0c316c,"India’s Russia oil trade may dip again, stranding cargoes at sea - The Economic Times",IN,RU,GoogleNews RSS IN-RU,https://news.google.com/rss/articles/CBMi1wFBVV95cUxNSzhRRzlUbW5KQWo1ZC01UGl5aXc2ZVk0dl8weEM0Mlk0bldVZGZsb25oNG04Q0Zfc1A5b2VYcHVhZU5PVGppMVE0Y2NobHZDc0RmYmZCM3dDb3l6T1VBRDBEbWZTeEtMZ0s2ZF9ZSWR4d1lWSmRhRW10dTJCeVRuMXVyMEZHdEV4bDhGOE1RSU5qaGRaajBjMDlHSDBSSTh2NnB6TlpVWnZ1ektLOXRYbTl2LWdiVFBPLWNvVVM3ZGdQRkoybnY4R1BrcXFpXy1zSlJsa0tFNNIB3AFBVV95cUxQWi1HZU9MNEk0clNCQnpnU3JLVnE1MmtBbTBJSGhOTkUzNXpSOWN2XzhFUFpmZzNrYXRLREJGS0I1QUMxVzNqd0dhOTRIZmpvWTZBb1ZXZXRPbXFXMndRYUtoZFIzWTl3MWxMVkxiREZYZ3EtTmZzdmg4M2I3d0N1Wmg4eURxSXF6OVlXbGxnOVhqQVpxbEg3MWY2TDljVHAtQ2MtdVFyUkgzemg2aVNRQ0VUNnRHcThHVkZaNFhsUHh2M0JMRzNOOGlZMjEwS3k3YTJLbjlzQm0zSDZH?oc=5,2026-01-15T08:00:00Z,"India’s Russia oil trade may dip again, stranding cargoes at sea - The Economic Times. India’s Russia oil trade may dip again, stranding cargoes at sea &nbsp;&nbsp; The Economic Times"
433ffa6f768cbbbab225,India must do more to wind down Russian oil buys: US trade representative - Business Standard,IN,RU,GoogleNews RSS IN-RU,https://news.google.com/rss/articles/CBMi1gFBVV95cUxPR2xwc3FIR0xfMk44bXpnUmc1bnk1NUJCZjQydXFMYXBucUxHd0kxQmhMZ1BObW0wc3BaVXg4UF9BcFRVdkFRNXBVVmpjTGl1UXdEa1ZJN3poMDdkdGdpZWUteU00ZHV6cTRiOUhjbmZBU1RkVndwSExWY2ZwQTFqSVRINFlFTk9GeHlxZ0dBeE1HSk9MajFKTW1lS0dkbUJTRGpEazFxeFJUTktfY1ZVbzZ3eGFsZXN6c1RVUkZ6NEVrYkZ1X3p6Nnk3dlI1Rjhnc09BUmNR0gHbAUFVX3lxTFB5WVVhdHVZWUpJT2dVSnh1QjhxQ1dHYzNHS09wZWxITEhPSjRiTWVVMjc2eTN2aDY3cTcwRFVxNzgzcVpsekF3VlJsV3pMc1NkUzdSTE1sQU1OemkwaEpuUnU0YXpubEhUM3ppblpjbTFMak9tb1pSeTZnTVlsdkFGRTRLVTJXTHNxWjFBejZ4cmhJdmo3STM1dmZLWUdoMFZDYThJMTROd3AxT0twUzRtVnhXQ01MUDdpSEh4Rm13VlRyNUZVN1hydTJxeF9seW1HWkFtR3ZLQWFzRQ?oc=5,2026-01-28T08:00:00Z,India must do more to wind down Russian oil buys: US trade representative - Business Standard. India must do more to wind down Russian oil buys: US trade representative &nbsp;&nbsp; Business Standard
a47974ab11fd395b6324,US allows India's Russian oil purchases again - DW.com,IN,RU,GoogleNews RSS IN-RU,https://news.google.com/rss/articles/CBMijwFBVV95cUxQYWpEd0lsSXZqR0tZVFdJTHgwRTRKYXJZQjU2Y1I2MnBNZmE4QnNSSm80UjcyVkVvTFVvVHZRemJ6S2kycGlxazM5cFpzamlKSDFvcGpQVmoySjg0MTYtZ2pMb2FPcFMyQkRqUnBwWGtnSFRSNUNOcGpWc0hjOHVrYzBxajE0OXVkVHdlXzFRc9IBjwFBVV95cUxOZkhqVnhUVERkbXUwTUwyNEFIeFY4X3VIZmQ4SW94ZVRFTUlkS0lCb1ljZk9zZ0VfaWtpcUVUNHV4RmxnbjRYeWhidUJXNmlJaVVWblUwNG56WGFHSWlLN1NMVlFkUW9QeUJTS2pVZHRMUTllelVPZEt1Ylg0UUdHcUVaLS1MaEhROUpnM05mcw?oc=5,2026-03-09T07:00:00Z,US allows India's Russian oil purchases again - DW.com. US allows India's Russian oil purchases again &nbsp;&nbsp; DW.com
c08570aa8b6b3e67030f,India taps alternative crude supplies as Iran conflict drags on - The Hindu,IN,RU,GoogleNews RSS IN-RU,https://news.google.com/rss/articles/CBMiwwFBVV95cUxOeW0yWTNpUTlIVzM5aURFcUtTbmc2b3VCcVhUdnZaU2pYc3YwWktvRkg0YVc4eDluWWh6Tm9tN3BFS3MtNl9ySE5BVDJKSXlzdlRiQWt4Q2stWVlhVjB6bVlrREJMaWcxVDYxV1dMMmxmTnNqcG1QXzlTLVg3YV9IVWFDc2hfbW9xQnB1ZlBubjFhaVEzMkJrWGphRWlNSUgycFdBMEN4Q2JueTkwdk9rY1cxdmJ1Z0k0ZFJOa3h5LVN1X1HSAcoBQVVfeXFMTXpabTN6ZEVOLXZJWmNmMXN3bDF2ajk0a19GWnBmSlFZTFZNSE4xaXN6Qmp0ZkJEaXVvdHJPeENDR3U0c1hzLURIUG02Q1pLaW9USUd5em9GSW84c0x6djhBRTJsRUk3VjNCNUdlZVBxMmJvcG0zLUJiTGxuR2JUYzIxcWV4U2FrM25LbnVXdlhKbFlsMFBteDdRTGZqMEN6YllZRUJiOFlaLVNZQkZ4Q1J4bUpLVk04ekpOXzNaUlYzS2lERWtMbWI0dw?oc=5,2026-03-08T08:00:00Z,India taps alternative crude supplies as Iran conflict drags on - The Hindu. India taps alternative crude supplies as Iran conflict drags on &nbsp;&nbsp; The Hindu
c9065a058f9118398d00,"India-Russia ties continue to grow across trade, defence and cultural sectors: MEA - The Economic Times",IN,RU,GoogleNews RSS IN-RU,https://news.google.com/rss/articles/CBMi8wFBVV95cUxPbldodGJhZlFCWjZNcTRnT1czeDI3MkV6QUxMNlh5czQwbnFPNTd5a0pWOVNhZHlfMG5LbGhCbVJBamlwTjRkaWNoRkxyekhrUE5CYWNHUndUVlM1WGhubDA3ZkRhU2NzRlluZDRuTzdJU1hnc0Yzc3VxQmhpZGo5M1pnOXJsendSRnAycEM1c0w4MTRadTNxdlNGNkVzdzFlbW43bS1fTzc2Qml5Q1hTeUxRVkNnbXFOcnlZaGhTMjJiak56V0lVRE1XbG5fZkhRWThqUU83XzdPZWxFX0Zmek9kOENmZ3hoQTlZRjVBOEhuajDSAfgBQVVfeXFMTWMzWkQwcHV5YVQzVWFaeG14elZvZFI3VGlTRVZtLXNobFVQQU5JUVctcUtNcU9ETUQ2WnljYTYxUHZrQjA4UWtIWkNVeXR6cURKalRzdXpUTFBDN2RSVXJNSEphazh5T0Vna1FWaFA1UGRQdkg5bW9nRnVTeGZjVkc0RUxRaFZxRUlYWVJtcFQwWDB0ejRpOWdiMGN6RTFhYjNLY09XclBTVlE1Z1JaUlR0cnd5S3dtQWhxWjJuUzhIeHBKRUhhSU1HOFFhckFLUVlTSHVWRzNodjlmdEdlQ1JHdkFIUmpxTDZCSWhoSXdKLWZMR0xMX1c?oc=5,2026-02-12T08:00:00Z,"India-Russia ties continue to grow across trade, defence and cultural sectors: MEA - The Economic Times. India-Russia ties continue to grow across trade, defence and cultural sectors: MEA &nbsp;&nbsp; The Economic Times"
5599b974d9acf71cb956,India in limbo over Russian oil imports as talks with US on trade deal continues - South China Morning Post,IN,RU,GoogleNews RSS IN-RU,https://news.google.com/rss/articles/CBMiwAFBVV95cUxQUUYwRUhLRFVJdUE3Qnd5ZkJhLTNqdHl2a0t1ZFVJQ0luVUV3ODM0b1dEOW9NbHNUQjhreFJnbWhkbFh3b2Q3djNKXzdzeGFOTzRZN1Bqa0tfZmlHLTZDb3RzNHBVN1kybTM3S3NzcWNobVRFQlduTlQ2a2lkZlJOVkc5ekJWSFcxbERPTFU2NWF5Nno0bVRma053V2ZjYzcxV1lJM1owdXhkUHpUemI2RmJfVThUVFBfQzJrbVRFT2bSAcABQVVfeXFMTXZFM2xpNDItODJseE1OcWxNWXNMVENiTTlFV0tNdzZSOXBfaHdyOFp5RnhQU0lyYXhjM3V2UUVsQjNDZ29hM21Xa0YzSTRKUVNkTkxmbzhjNWxLV29UbmhtTjJtdFBsSS1MYXgyd25GWlotR2M2aE5PV0M5dTBpQWIyQ3RfY1YyXzJrZVBXaVZ1RHo1aEx4ZmxlOEUtTmRrcTZXb192eC1udU1tLXhkdVVoMUJ4YmJfcE5sRV9jQ1RZ?oc=5,2026-02-27T08:00:00Z,India in limbo over Russian oil imports as talks with US on trade deal continues - South China Morning Post. India in limbo over Russian oil imports as talks with US on trade deal continues &nbsp;&nbsp; South China Morning Post
7814a88715e754116deb,Trump says India won't buy Russian oil anymore. Moscow insists India hasn't said that - CNBC,IN,RU,GoogleNews RSS IN-RU,https://news.google.com/rss/articles/CBMilgFBVV95cUxPTjdERndhZHVDTWNjd182eGd6Z1B3UHlmOEdQdGNVTksxeE15X1kybTg4Q0VoaDRKLXViQjdBM2w5YjJtZzhaZ3gzWXNxOXhYUWJUZXE0WHJnNkxEWkJuYUFrT3RObFhhTmVtOWRkdmZ0X1BvNXRTRzVReWF0OWF5TFFmZXVOYTlpcF8wMzFDNDlDcDZnbWfSAZsBQVVfeXFMTTBlWWJxZ0w1UnJQcndvQ2FXZXJIaG5QRUdscjVSNW42UXUzQ3lvRXZUa1hhbHFTY3NXaHZzUk5ReGFDNDR0amlHcGQtM2w0RkNyTUJnem9rNWRUa2xZMWdGNjFyRHF2YVZMdGU5WTNRTEdVYTZ4d2ViOGE3RVFZc0RLTDhGQTJoTVVpdUsxa2o3MXZkWDl4RVZjN28?oc=5,2026-02-04T08:00:00Z,Trump says India won't buy Russian oil anymore. Moscow insists India hasn't said that - CNBC. Trump says India won't buy Russian oil anymore. Moscow insists India hasn't said that &nbsp;&nbsp; CNBC
3c07ffbbe798266be6de,India Is Turning Back to Russian Oil - The New York Times,IN,RU,GoogleNews RSS IN-RU,https://news.google.com/rss/articles/CBMidEFVX3lxTE1yVTZkQ01oWnlCVl9xUG55TWFEM1h6eE9yY0hoTVFXZk5JcUZIa0RQSlFvVDBfTFlQNjE1Z29yZzJvQS1fT2dqcVdYM2J5bThxSEkyTmt4b2RGenBlaDJ1SDc1a1hHNTh0cGVqQ0xRM2gxQV9m?oc=5,2026-03-10T07:00:00Z,India Is Turning Back to Russian Oil - The New York Times. India Is Turning Back to Russian Oil &nbsp;&nbsp; The New York Times
4da9bce2c1c87d215503,US-India trade agreement: How India’s Russian crude oil imports could change - CNBC TV18,IN,RU,GoogleNews RSS IN-RU,https://news.google.com/rss/articles/CBMixAFBVV95cUxNZUpvS256bnhVczZYc3NhdmdqUWNZd0xLT1M0SzlfLUpKNVRSUk8tNVl0VWZSLTVHWmxTX3p5NW8tWnA3Y2RTcUV1dTVZY0RxdTZXSGxRSUdHXzBXZS1XTmJoMDlaUmhfWEl3aWdLQ25KR1RRSmZoZ3hFNTM2WjliS0dkTElCa2V1RHhVSnI4Mmx6cFh0WDBpQTRLbS1LLUxIaHJDTUF6ZHpJRER0SG5WYXRtNTlEV2hvX1ZsakUwVDEzZkRO0gHKAUFVX3lxTE1WS1FqWE1DYWtiQTVUZ0pQSnMyYzdvOVFBRUs0bnhJWFZ5ZnFSSDBnc0RLTXBHN0kzc0tBWUVMbVpvRUlsY2Y2ZmtaZW53dlNPMXowZGxwSWxqOXg1QndnNDZYT1pzSFZ0OTFpOHpGcjNuMFdwNWlWX1ItTzlMaWowaWlibjVpZEpyWlc4cnRnZ2tKLXRDUzJHdDBSS2UyQlFGSjVxWFZ2aTlTa28yc3JkVjJlTXZWeHRlX3ZLT2RJMnljWU1VRjVjM0E?oc=5,2026-02-03T08:00:00Z,US-India trade agreement: How India’s Russian crude oil imports could change - CNBC TV18. US-India trade agreement: How India’s Russian crude oil imports could change &nbsp;&nbsp; CNBC TV18
41fa1b4d811098954746,Looking beyond oil trade: Russia eyes joint ventures with India for localisation of products; ‘India rema - The Times of India,IN,RU,GoogleNews RSS IN-RU,https://news.google.com/rss/articles/CBMitwJBVV95cUxONjgxaDJyVEE1TC1udGplS0tQNVFfNFZ4OWhqS2FfcllZTFo1bWtqekM2WGdYOThOV3BpbWFvZEhZRlBUWWRSNzgtUWltV2N6RUNwV2d1QmNDdXhrOWFNOWZRLVBHMWMwXzdHaVJGMmxDRm5ROFR6RzFaTWMxTm5iQnZHMlBCbGZ1UUZOUm1BQ0xrYUJwdXU3b2UtcVd1ZlViMVg5aWVLZ2NzckVkUUk1ZTIzX2tPeHZHT29VUnVkdUxqUEdfOUFZLWo0SEZfTkptVTNBNmJpUHBoSDVGU3lOdzkwdWJXa2xhSy05RlVWQ0IwMkpydG9xVnNrVmY0cDZOQzdvNVAyaXZQWmd3SS0tWFloZFI0cV80bjM0QTBQRkRQbEx0WUZuc2VjZnMyZ1llb09GcXBlUdIBvAJBVV95cUxNT25ETV9YbnhfZndzanpQUTBXYWpUenNYMERENGN4eU9uTGI1S2k4OFY0T19JdWdsNl91U0xRWmpUR3FzM2paR1gxb3VWRkJ6aTdOQkV5MXVuTS1jSFZIN0ZqVFVwNTBsQ1hDZVhIN2tTTXNBT2d6MU9kZm54ZFRyY01ZWjVETjBfRF9BRk9iRVRlX1JIRUJBaWtuOEdyX2JEVWcxaFM0cC1Zc3Z6anktc0h2ODNFbzdaNlFjMVlRclJJVXJxRzlxeUNsNUtZVWlZVENkX3NjNXpIOWY0RWQ5bGZ5R2pSY0NidFpOZFBoY2lwVTl5aE13ekhNam5tems2WnRoSGRZWXZveGJVdGtVSktrcVgtbW1CcTV6RmVzYlRFV2dwYmk4cEYzMVNXRUxzV0RXN2NrcVA2ZnNj?oc=5,2026-01-16T08:00:00Z,Looking beyond oil trade: Russia eyes joint ventures with India for localisation of products; ‘India rema - The Times of India. Looking beyond oil trade: Russia eyes joint ventures with India for localisation of products; ‘India rema &nbsp;&nbsp; The Times of India
14b596a2c8eb28001c46,India says will diversify energy supply after deal with US on Russia oil - Reuters,IN,RU,GoogleNews RSS IN-RU,https://news.google.com/rss/articles/CBMiwgFBVV95cUxOcWxnV0pGcTdwZUtfRkk0VjYxX09JbzRGUFNsUGNtZ0REQUE2d1ZYdXRjSFVJbHRlM3gtQ0RqY3dBZGszajVNcnU1di1sTkdoTkZhRXI0WXM4MHVMcVZhN214akNVbTVYRmpaekFPcWJ2QWJGREhqTWdSZTkwdzN3eVVUTndfRHNXUS13akRObnotelhSZ19XcnlfRWllcVZhemJGU1ROZWJuMWtRczBROXdBRkowVk1BSXF6WF9lQVIxZw?oc=5,2026-02-04T08:00:00Z,India says will diversify energy supply after deal with US on Russia oil - Reuters. India says will diversify energy supply after deal with US on Russia oil &nbsp;&nbsp; Reuters
281fe6fc40ebcdc07cb9,'Russian oil purchase collapsed': Will US roll back 25% tariffs on India? Trump aide drops hint - The Times of India,IN,RU,GoogleNews RSS IN-RU,https://news.google.com/rss/articles/CBMihwJBVV95cUxNYUE2QjlwNy0ybnBDSHlHRWtMb0tHRWdrRk1YXzdwMTZIbDQwS2VDM29ld1BaZjN6UjJnN2Jndk85M0tUTThCRmtKYjBxM01zTzA2Q0VzTzFPWEhoM2Z6X3RkaF9ndzNRVDRUWkZoejlxQzBVMWlPTFJ4UEVFa05RQ3NSMFpxcU9NSGxSYlJHS2N3LU53ZEtRTnIxQkl2YVI1eTBkMlA3R2lwbV9TUjRzbXVRZnJUdXpsTWxDVnZIa3BMdTVXWlQ1eTQ5LUlfSmpBODRuSEtQWFl0U2VKdmZhRzdiV0w5YWV0VWZ0X09rb253OFVuQ2Q2OVBwS0l2UC03YktVaWRoc9IBjAJBVV95cUxQbVRtZWEtY0hoMnhqWWlmVXlqMG83ZWt0UTBNazgxWm12OUt0X2hPTjV6YnBKTnZWVDl6LVREU3hldTZlMnYyQ1ZfcGR4Y1RhNVd1VTZ2WHBKTDM5LVp5bFppMTNEakRJOXlvaUgzUnNaZUVjelZsVGFWMU5YMjRmRXY1UWZ0QnRwWWVIN0Y3WjBsazFBTXdpSkZ6Q3pqTHJWMWVGTFV2OEhDc05EVU03UkFTSldqRTdmLTQzZVpiWmNyYk84ckNIU3lWYm9fV0NXM3FFRkR6NGdPS1NZbXZyUV9CYnVtNzhoTWtDaVhNVm41d1V5ZkFTcm1MWE1SVUtackdhQUVUMkxNTEFa?oc=5,2026-01-24T08:00:00Z,'Russian oil purchase collapsed': Will US roll back 25% tariffs on India? Trump aide drops hint - The Times of India. 'Russian oil purchase collapsed': Will US roll back 25% tariffs on India? Trump aide drops hint &nbsp;&nbsp; The Times of India
e9e45b909bb2be233d2b,India–US Trade Deal: What Will Be the Rate Difference Between US & Russian Oil | Explained - The Sunday Guardian,IN,RU,GoogleNews RSS IN-RU,https://news.google.com/rss/articles/CBMiyAFBVV95cUxQOUJUMnFyc29vb2psTmpaakFHWnJIQldKS3o1SWpxOVp4bWtnV0tUUVZUd1RJUng4N0J2THVKeHVhMVJudU9MdjVzMHBGRDZKd3dYWnJhUGFoOFdjTVFxcUNCYU1KRHRISHQwOXVnRzFpYWRRSUJDdFktcy1ETldHS29qN2pKT3FCbl9PZ3N4YVEtak5GcXRoS1dEcVdYQUNSS1R2TC1hNjNxMVdWS1Y5N3h4NGl6QVNZQU9mSzQ4a1hua09iSTJtRA?oc=5,2026-02-02T08:00:00Z,India–US Trade Deal: What Will Be the Rate Difference Between US & Russian Oil | Explained - The Sunday Guardian. India–US Trade Deal: What Will Be the Rate Difference Between US & Russian Oil | Explained &nbsp;&nbsp; The Sunday Guardian
1ad88c7d6976dabc83db,Indian refiners avoid Russian oil in push for US trade deal - Reuters,IN,RU,GoogleNews RSS IN-RU,https://news.google.com/rss/articles/CBMipwFBVV95cUxNYWM4NUdGRnk3ME83TU5uVTVleE9zZEc1R3ZSN2dmUEtnZzg5TVlkSXZTQ3VUVlVHV2tfQnVOeVBGUGozaDUyMmFkc0g4T2ZKZ1lJOHYtZWZIYllNUHo4Wjc1Mno1TWJMb1MyMmc1SDhqSjFCbFRjdmxoMkhxSjBYM19DWmh1ZmFnUm5UcHBHdWxaZUlTazZZaEplN0ctX0NTLWRhTlZ3SQ?oc=5,2026-02-08T08:00:00Z,Indian refiners avoid Russian oil in push for US trade deal - Reuters. Indian refiners avoid Russian oil in push for US trade deal &nbsp;&nbsp; Reuters
53dfb4977be4eb039b33,Trump cuts India tariffs to 18% as Modi agrees to stop buying Russian oil - Al Jazeera,IN,RU,GoogleNews RSS IN-RU,https://news.google.com/rss/articles/CBMiqwFBVV95cUxNbE04TWlabXFBTGg5VGJJbE9temVTeWs0VUlrbkxGYzRxVUhZbXhyM1RuRG85aHJyNWs2ekVTNWU0TXl1c3VxM0ZILUIzMWpvdXRsNmVvZjl1dmV6WFlDLVlZTWhpTUlJTjZ1aEsyak5WQlJmMUl4aEhNQzdFbHlrc2M0SVV0RnFBVVhYNXBTdFNfY2dXT2xQV1dfRnFvQmJFTHk3MjJuTVFPTjTSAbABQVVfeXFMUG1oVlgxTXJyd3VzTWFvWUkwbFZ6dkZYQlVpaVo4OFY4RVB0R2ZCRzFkcGdrcEZoN2w4a2R1OUMwbVJ4RTIyZHFPaWZaTjhTRW9MTzQzb0hPZURBenpyYks3SWZ6RW82dlN3VFJPOGdsaVFCNXRtbDVtcEtSTmdCRkJEdllBLW5aWXFVemJmemEwTG85M0MxLWFmSThaNGlhNVhpTkZseWFEemxpNXdCdWI?oc=5,2026-02-02T08:00:00Z,Trump cuts India tariffs to 18% as Modi agrees to stop buying Russian oil - Al Jazeera. Trump cuts India tariffs to 18% as Modi agrees to stop buying Russian oil &nbsp;&nbsp; Al Jazeera
fc8e300c262603fe2e65,"Trump has been pushing India to stop buying Russian oil, but he just cut off their massive supply from Iran - Fortune",IN,RU,GoogleNews RSS IN-RU,https://news.google.com/rss/articles/CBMiiAFBVV95cUxPMW5SS0VQOTZuVGR2eHkydmJoX2cxcU9Fcnh1d2NyVU1iX3BBWHltMFRQazRTZUdobXpra0NrSFdBSGNWSU1iX25qWTAwM0xnNWVscGtUWlc3ZjBWNk03c1hSdzljZTZ4NEM1MG5Ldzl1MVBLY3ZlSXpWSnRCX0MxVTE3SFRPSHh3?oc=5,2026-03-05T08:00:00Z,"Trump has been pushing India to stop buying Russian oil, but he just cut off their massive supply from Iran - Fortune. Trump has been pushing India to stop buying Russian oil, but he just cut off their massive supply from Iran &nbsp;&nbsp; Fortune"
8c23898871f95b2462c1,What to know about the US-India trade deal - Atlantic Council,IN,RU,GoogleNews RSS IN-RU,https://news.google.com/rss/articles/CBMijwFBVV95cUxNTkFXeF95SE00TV9ZcVg3ZWE0MElDaVRvTm1rQWRZN3FsMzI2SGZsLW1XMHhhcUtmdGxOdWFISnJYVUVDc1ZOakRPS1JQTTQ0T0dSS0xaYVBlSWlpNWh2b2JUcWVJV0VrSklpVjkwY19Cb0VrZ090c0dqTHhKWEdmNWRpZVVuQVQxUjZoMG5iOA?oc=5,2026-02-02T08:00:00Z,What to know about the US-India trade deal - Atlantic Council. What to know about the US-India trade deal &nbsp;&nbsp; Atlantic Council
876d77e99ae60df1a0b5,"For India, Buying Russian Oil Just Got More Complicated - The New York Times",IN,RU,GoogleNews RSS IN-RU,https://news.google.com/rss/articles/CBMihgFBVV95cUxQSHhjUld5Smp6aUQzejJUdUlxWG9xanpyaVBOZmo4QVowUUVZSlZWWlJWVnQ2S1VjM25aRFdWUUFsejQwSzBiX1NtUndJV21EVHpPcEpfUTZuelVhS2t0bERNREhFTWp4S3hxak1oSm9LTm1VbUhGVWdBZUxpS0NVeUwySU5nUQ?oc=5,2026-02-22T08:00:00Z,"For India, Buying Russian Oil Just Got More Complicated - The New York Times. For India, Buying Russian Oil Just Got More Complicated &nbsp;&nbsp; The New York Times"
3605d538cb5fe7ec9a97,Why India looks especially vulnerable as conflict rages in Middle East - CNBC,IN,RU,GoogleNews RSS IN-RU,https://news.google.com/rss/articles/CBMimwFBVV95cUxOQ3hGRVhJbnpFaWhSbnNMVnhGNXdMR0tSTmhBMTVUdXBsSlNMSTE3T0FZOGQyMFczUk9UQWthc1ZtMkhSdnR4QXdDX3VLb0dfektUc1Rvek9pLXVseHowOFVWcXRpR2pheHo4VnZtbmxrUG5Eb19tNUZCTTZkOFRPNFoxc2tDaEdGRFZ0WXBWMVJMb2p4Q1hsME1ZNNIBoAFBVV95cUxQV3BYaTBJSTV2YlgyTHNvWmVVMS1MLV9ZSFQxdnMzZl9VV0tOcTRwNlNYYU9XNzJfSkRVYlhfSkFGcWxzM0NXUng4MWJGdWNyeVEwRFBfWWFtM2F6cjNwamZfckNIYk05Rm9tZ3o0OUdpUGpia2lRTjRLWFlqNEZDVWZ3Y2FpRFFRR0RCOHUtZmNGZTBiVXozVTQ3eW4yWWRk?oc=5,2026-03-02T08:00:00Z,Why India looks especially vulnerable as conflict rages in Middle East - CNBC. Why India looks especially vulnerable as conflict rages in Middle East &nbsp;&nbsp; CNBC
f22ddeae54629c255c69,Stiffening European sanctions against the Russian oil trade - Brookings,IN,RU,GoogleNews RSS IN-RU,https://news.google.com/rss/articles/CBMimwFBVV95cUxQWlNPcHQ3bkY1alBCeDF6V2FKTzgyZlY5dVNiZjdja2Fnb0RoZThSUHpDaDRKRVQxaTY1U0pKbWU2UHBCU2NnQXd1NVFWRHpmQ1JpWTdhb0w5RVJLN0VPMGFJRU5xclhVaEt3OUNuY1hzRk50bDlXMmVIZ0VTWHAwM2I0Z1ZwM2hIaGl3OEJsUlJVLUVoekhuNl8wYw?oc=5,2026-02-03T08:00:00Z,Stiffening European sanctions against the Russian oil trade - Brookings. Stiffening European sanctions against the Russian oil trade &nbsp;&nbsp; Brookings
d32316cb75205bc32da9,India Russian Oil Import Reduction: US Trade Deal Impact - Discovery Alert,IN,RU,GoogleNews RSS IN-RU,https://news.google.com/rss/articles/CBMiogFBVV95cUxPdWJaam14MjBLY1k3b2pnVEgxTEM4c3ZDeHQwRjktbGZXVlY0TUt6QWNFR2s0LUNJUHNXWW9GX2c1MXZzaU9KRWlnd203SndOdllpcUtuVVdmUDBhZUVEd2VtcklRSmt2T1RuUmI5dk1hc0ZPcjRhX3Rnc0VwRlZtUjQteGFHSDNkTmt6R3VSMGgxTDVtWDF2anRqZU51VGN2RGc?oc=5,2026-02-08T08:00:00Z,India Russian Oil Import Reduction: US Trade Deal Impact - Discovery Alert. India Russian Oil Import Reduction: US Trade Deal Impact &nbsp;&nbsp; Discovery Alert
af285754ada31a136776,India Russian Oil Imports Drop Amid Trade Tensions - Discovery Alert,IN,RU,GoogleNews RSS IN-RU,https://news.google.com/rss/articles/CBMigwFBVV95cUxPcENwN0tESHk2d3NhQXF0cS1IbW84YUV0UTRNZDdYa1h0eG5DajJxNU1BcWpGSC0zaFMyVnk4Vnpka3RMUzRPbHlWY3ZjMGt4a0VoUllkdzNtRGJjSlp6OWFFYUZGMFpkaWMtU0JLUVpaQUk0ekNkVERXYldMaWNFUnBBMA?oc=5,2026-02-27T08:00:00Z,India Russian Oil Imports Drop Amid Trade Tensions - Discovery Alert. India Russian Oil Imports Drop Amid Trade Tensions &nbsp;&nbsp; Discovery Alert
3778a723cd9bedd948d0,India Russian Oil Trade Deal: Trump Cuts US Tariffs - Discovery Alert,IN,RU,GoogleNews RSS IN-RU,https://news.google.com/rss/articles/CBMilgFBVV95cUxQOU5EN2JBT2hEZE0yN3haZ0tCSXVtd0dLVEZzQ3VVUDVmZzdMSnNnclQ5T29QOVYwbUQyRFlPcmRfa1JiRndoa2lUOVpXMXJQc2VlMERSTHpzN2ZEUFNERlZXZ3VYVWV2MEJvcTRzQ2Q0RHFYZ2Rqekdrb0NoYjBBY1hKcEYxSWlBVDJJSDBOS0k0VVU0WFE?oc=5,2026-02-03T08:00:00Z,India Russian Oil Trade Deal: Trump Cuts US Tariffs - Discovery Alert. India Russian Oil Trade Deal: Trump Cuts US Tariffs &nbsp;&nbsp; Discovery Alert
